20144120,033743,1,23.5,854,273,52,
20144120,033813,1,23.6,854,173,52,
20144120,033843,1,23.6,854,168,53,
20144120,033913,1,23.7,854,213,53,
20144120,033943,1,23.7,854,214,52,
20144120,034013,1,23.7,854,211,52,
20144120,034043,1,23.8,854,204,52,
20144120,034114,1,24.0,854,270,52,
20144120,034144,1,23.9,854,260,52,
20144120,034214,1,24.0,854,244,52,
20144120,034244,1,24.0,854,272,51,
20144120,034314,1,24.0,854,280,51,
20144120,034344,1,24.0,854,281,51,
20144120,034414,1,24.0,854,280,51,
20144120,034444,1,24.0,854,229,51,
20144120,034514,1,24.2,854,242,51,
20144120,034544,1,24.3,854,149,53,
20144120,034607,SIN RESPUESTA DE ESTACION #1
20144120,034609,2,24.3,854,224,52,
20144120,034623,1,24.4,854,260,52,
20144120,034653,1,24.4,854,114,52,
20144120,034723,1,24.3,854,112,51,
20144120,034753,1,24.3,854,112,51,
20144120,034823,1,24.3,854,119,51,
20144120,034853,1,24.3,854,113,51,
20144120,034923,1,24.2,854,119,50,
20144120,034953,1,24.1,854,127,50,
20144120,035023,1,24.1,854,126,50,
20144120,035053,1,24.1,854,127,50,
20144120,035123,1,24.1,854,127,50,
20144120,035153,1,24.0,854,127,50,
20144120,035224,1,24.0,854,127,50,
20144120,035254,1,24.0,854,129,50,
20144120,035324,1,23.9,854,129,50,
20144120,035354,1,23.9,854,129,50,
20144120,035424,1,23.9,854,129,50,
20144120,035454,1,23.9,854,128,50,
20144120,035524,1,23.9,854,130,50,
20144120,035554,1,23.9,854,116,50,
20144120,035624,1,23.8,854,79,50,
20144120,035654,1,23.8,854,77,50,
20144120,035724,1,23.8,854,77,50,
20144120,035754,1,23.8,854,81,50,
20144120,035824,1,23.8,854,129,50,
20144120,035854,1,23.7,854,128,50,
20144120,035925,1,23.7,854,128,50,
20144120,035955,1,23.7,854,130,50,
20144120,040025,1,23.7,854,130,50,
20144120,040055,1,23.7,854,130,50,
20144120,040125,1,23.7,854,131,50,
20144120,040155,1,23.7,854,103,50,
20144120,040225,1,23.7,854,124,50,
20144120,040255,1,23.7,854,120,50,
20144120,040325,1,23.7,854,128,50,
20144120,040355,1,23.7,854,83,50,
20144120,040425,1,23.6,854,126,50,
20144120,040455,1,23.6,854,125,50,
20144120,040525,1,23.6,854,125,50,
20144120,040555,1,23.6,854,125,50,
20144120,040626,1,23.6,854,125,50,
20144120,040656,1,23.6,854,125,49,
20144120,040726,1,23.6,854,124,49,
20144120,040756,1,23.6,854,124,49,
20144120,040826,1,23.6,854,124,49,
20144120,040856,1,23.6,854,209,49,
20144120,040926,1,23.6,854,213,50,
20144120,040956,1,23.6,854,213,50,
20144120,041026,1,23.6,854,212,50,
20144120,041056,1,23.6,854,210,50,
20144120,041126,1,23.6,854,210,50,
20144120,041156,1,23.6,854,209,50,
20144120,041226,1,23.6,854,209,50,
20144120,041256,1,23.6,854,209,50,
20144120,041327,1,23.6,854,212,50,
20144120,041357,1,23.6,854,211,50,
20144120,041427,1,23.6,854,211,50,
20144120,041457,1,23.6,854,211,50,
20144120,041527,1,23.6,854,210,50,
20144120,041557,1,23.6,854,210,50,
20144120,041627,1,23.6,854,210,50,
20144120,041657,1,23.6,854,209,50,
20144120,041727,1,23.7,854,209,50,
20144120,041757,1,23.7,854,209,50,
20144120,041827,1,23.7,854,210,50,
20144120,041857,1,23.7,854,209,49,
20144120,041927,1,23.7,854,209,49,
20144120,041958,1,23.7,854,209,50,
20144120,042028,1,23.7,854,203,49,
20144120,042058,1,23.7,854,211,49,
20144120,042128,1,23.7,854,211,49,
20144120,042158,1,23.7,854,211,50,
20144120,042228,1,23.7,854,147,49,
20144120,042258,1,23.7,854,214,49,
20144120,042328,1,23.7,854,207,49,
20144120,042358,1,23.7,854,210,49,
20144120,042428,1,23.7,854,308,49,
20144120,042458,1,23.6,854,311,50,
20144120,042528,1,23.7,854,234,50,
20144120,042558,1,23.7,854,227,50,
20144120,042628,1,23.8,854,227,50,
20144120,042659,1,23.8,854,229,50,
20144120,042729,1,23.8,854,224,50,
20144120,042759,1,23.8,854,208,50,
20144120,042829,1,23.8,854,234,50,
20144120,042859,1,23.8,854,229,50,
20144120,042929,1,23.8,854,230,50,
20144120,042959,1,23.7,854,229,50,
20144120,043029,1,23.7,854,229,50,
20144120,043059,1,23.7,854,237,50,
20144120,043129,1,23.6,854,252,50,
20144120,043159,1,23.6,854,242,50,
20144120,043229,1,23.6,853,253,50,
20144120,043259,1,23.7,854,270,50,
20144120,043329,1,23.7,853,272,50,
20144120,043400,1,23.7,854,185,50,
20144120,043430,1,23.8,854,266,50,
20144120,043500,1,23.8,853,278,50,
20144120,043530,1,23.8,854,278,49,
20144120,043600,1,23.8,853,279,49,
20144120,043630,1,23.8,854,279,49,
20144120,043700,1,23.8,854,279,49,
20144120,043730,1,23.7,854,279,49,
20144120,043800,1,23.7,853,279,49,
20144120,043830,1,23.7,854,279,49,
20144120,043900,1,23.7,854,277,49,
20144120,043930,1,23.7,854,280,49,
20144120,044000,1,23.6,854,280,49,
20144120,044030,1,23.6,854,280,49,
20144120,044101,1,23.6,854,280,49,
20144120,044131,1,23.6,853,278,49,
20144120,044201,1,23.6,853,276,49,
20144120,044231,1,23.6,853,275,49,
20144120,044301,1,23.6,853,275,49,
20144120,044331,1,23.6,853,274,49,
20144120,044401,1,23.6,854,273,49,
20144120,044431,1,23.6,854,272,49,
20144120,044501,1,23.6,854,271,49,
20144120,044531,1,23.5,853,272,49,
20144120,044601,1,23.5,853,271,49,
20144120,044631,1,23.5,853,271,49,
20144120,044701,1,23.5,854,270,49,
20144120,044731,1,23.5,853,269,49,
20144120,044802,1,23.5,853,270,49,
20144120,044832,1,23.5,853,270,49,
20144120,044902,1,23.5,853,270,49,
20144120,044932,1,23.5,853,270,49,
20144120,045002,1,23.5,853,270,49,
20144120,045032,1,23.5,853,270,49,
20144120,045102,1,23.5,853,270,49,
20144120,045132,1,23.5,853,270,50,
20144120,045202,1,23.5,853,270,50,
20144120,045232,1,23.5,853,270,50,
20144120,045302,1,23.5,853,269,50,
20144120,045332,1,23.5,853,269,50,
20144120,045402,1,23.5,853,269,50,
20144120,045432,1,23.5,853,269,50,
20144120,045503,1,23.5,853,268,50,
20144120,045533,1,23.5,853,270,50,
20144120,045603,1,23.5,853,266,50,
20144120,045633,1,23.5,853,267,50,
20144120,045703,1,23.5,853,268,50,
20144120,045733,1,23.5,853,268,50,
20144120,045803,1,23.5,853,269,50,
20144120,045833,1,23.4,853,268,50,
20144120,045903,1,23.4,853,269,50,
20144120,045933,1,23.5,853,200,50,
20144120,050003,1,23.4,853,204,50,
20144120,050033,1,23.4,853,269,50,
20144120,050103,1,23.4,853,270,50,
20144120,050133,1,23.4,853,270,50,
20144120,050204,1,23.4,853,270,50,
20144120,050234,1,23.4,853,270,50,
20144120,050304,1,23.4,853,270,50,
20144120,050334,1,23.4,853,270,50,
20144120,050404,1,23.4,853,271,50,
20144120,050434,1,23.4,853,272,50,
20144120,050504,1,23.4,853,239,50,
20144120,050534,1,23.5,853,230,50,
20144120,050604,1,23.5,853,170,50,
20144120,050634,1,23.5,853,195,50,
20144120,050704,1,23.4,853,59,50,
20144120,050734,1,23.4,853,82,50,
20144120,050804,1,23.4,853,82,50,
20144120,050835,1,23.4,853,82,50,
20144120,050905,1,23.4,853,16,50,
20144120,050935,1,23.4,853,15,50,
20144120,051005,1,23.3,853,22,50,
20144120,051035,1,23.3,853,28,50,
20144120,051105,1,23.3,853,16,50,
20144120,051135,1,23.3,853,14,50,
20144120,051205,1,23.3,853,14,50,
20144120,051235,1,23.3,853,14,50,
20144120,051305,1,23.3,853,14,50,
20144120,051335,1,23.3,853,76,50,
20144120,051405,1,23.2,853,76,50,
20144120,051435,1,23.2,853,76,50,
20144120,051505,1,23.2,853,77,50,
20144120,051536,1,23.2,853,78,50,
20144120,051606,1,23.2,853,79,50,
20144120,051636,1,23.2,853,80,50,
20144120,051706,1,23.2,853,79,50,
20144120,051736,1,23.2,853,80,50,
20144120,051806,1,23.2,853,80,50,
20144120,051836,1,23.2,853,80,50,
20144120,051906,1,23.2,853,80,50,
20144120,051936,1,23.2,853,78,50,
20144120,052006,1,23.2,853,77,50,
20144120,052036,1,23.2,853,76,50,
20144120,052106,1,23.2,853,75,50,
20144120,052136,1,23.2,853,75,50,
20144120,052206,1,23.2,853,74,50,
20144120,052237,1,23.2,853,74,50,
20144120,052307,1,23.1,853,73,50,
20144120,052337,1,23.2,853,73,50,
20144120,052407,1,23.2,853,73,50,
20144120,052437,1,23.2,853,73,50,
20144120,052507,1,23.1,853,72,50,
20144120,052537,1,23.2,853,72,50,
20144120,052607,1,23.1,853,72,50,
20144120,052637,1,23.2,853,72,50,
20144120,052707,1,23.1,853,71,50,
20144120,052737,1,23.1,853,71,50,
20144120,052807,1,23.1,853,71,50,
20144120,052837,1,23.1,853,72,50,
20144120,052907,1,23.2,853,68,50,
20144120,052938,1,23.1,853,67,50,
20144120,053008,1,23.1,853,70,50,
20144120,053038,1,23.1,853,69,50,
20144120,053108,1,23.2,853,63,50,
20144120,053138,1,23.2,853,68,50,
20144120,053208,1,23.2,853,68,51,
20144120,053238,1,23.2,853,68,51,
20144120,053308,1,23.2,853,68,51,
20144120,053338,1,23.2,853,69,50,
20144120,053408,1,23.2,853,69,51,
20144120,053438,1,23.2,853,68,51,
20144120,053508,1,23.2,853,67,50,
20144120,053538,1,23.2,853,67,51,
20144120,053608,1,23.2,853,66,51,
20144120,053639,1,23.2,853,65,51,
20144120,053709,1,23.2,853,65,51,
20144120,053739,1,23.2,853,65,51,
20144120,053809,1,23.2,853,62,51,
20144120,053839,1,23.2,853,62,51,
20144120,053909,1,23.2,853,64,51,
20144120,053939,1,23.2,853,64,51,
20144120,054009,1,23.2,853,61,51,
20144120,054039,1,23.2,853,61,51,
20144120,054109,1,23.2,853,61,51,
20144120,054139,1,23.2,853,61,51,
20144120,054209,1,23.4,853,60,51,
20144120,054241,1,23.5,853,79,52,
20144120,054311,1,23.6,853,78,52,
20144120,054341,1,23.6,853,76,52,
20144120,054411,1,23.7,853,79,51,
20144120,054441,1,23.7,853,20,51,
20144120,054511,1,23.7,853,30,51,
20144120,054541,1,23.7,853,18,51,
20144120,054611,1,23.8,853,18,51,
20144120,054641,1,23.8,853,145,51,
20144120,054711,1,23.9,853,162,51,
20144120,054741,1,23.9,853,175,51,
20144120,054811,1,23.9,853,180,51,
20144120,054841,1,24.0,853,194,51,
20144120,054911,1,24.0,853,189,51,
20144120,054941,1,24.1,853,187,51,
20144120,055012,1,24.1,853,190,51,
20144120,055042,1,24.1,853,209,51,
20144120,055112,1,24.2,853,224,51,
20144120,055142,1,24.2,853,238,51,
20144120,055212,1,24.3,853,240,51,
20144120,055242,1,24.3,853,246,51,
20144120,055312,1,24.3,853,219,51,
20144120,055342,1,24.3,853,192,51,
20144120,055412,1,24.3,853,191,51,
20144120,055442,1,24.4,853,247,51,
20144120,055512,1,24.4,853,234,51,
20144120,055542,1,24.4,853,244,50,
20144120,055612,1,24.5,853,244,51,
20144120,055642,1,24.5,853,242,51,
20144120,055713,1,24.6,853,242,51,
20144120,055743,1,24.6,853,240,51,
20144120,055813,1,24.7,853,242,51,
20144120,055843,1,24.7,853,243,51,
20144120,055913,1,24.7,853,235,50,
20144120,055943,1,24.7,853,230,50,
20144120,060013,1,24.7,853,185,50,
20144120,060043,1,24.8,853,188,50,
20144120,060113,1,24.8,853,237,50,
20144120,060143,1,24.8,853,239,50,
20144120,060213,1,24.9,853,236,50,
20144120,060243,1,24.9,853,185,50,
20144120,060313,1,24.9,853,188,50,
20144120,060343,1,24.9,853,191,50,
20144120,060414,1,24.8,853,218,50,
20144120,060444,1,24.9,853,190,50,
20144120,060514,1,24.9,853,189,50,
20144120,060544,1,24.9,853,188,50,
20144120,060614,1,24.9,853,189,50,
20144120,060644,1,24.9,853,188,50,
20144120,060714,1,25.0,853,223,50,
20144120,060744,1,24.9,853,234,50,
20144120,060814,1,24.9,853,236,50,
20144120,060844,1,24.9,853,237,50,
20144120,060914,1,24.9,853,239,50,
20144120,060944,1,24.9,853,239,50,
20144120,061014,1,24.9,853,238,50,
20144120,061044,1,24.9,853,239,50,
20144120,061115,1,24.8,853,239,50,
20144120,061145,1,24.8,853,238,50,
20144120,061215,1,24.9,853,239,50,
20144120,061245,1,24.8,853,235,50,
20144120,061315,1,24.8,853,230,50,
20144120,061345,1,24.9,853,234,50,
20144120,061415,1,24.9,853,229,50,
20144120,061445,1,24.9,853,234,50,
20144120,061515,1,24.9,853,229,51,
20144120,061545,1,24.9,853,230,51,
20144120,061615,1,24.9,853,231,50,
20144120,061645,1,25.0,853,229,50,
20144120,061715,1,24.9,853,227,50,
20144120,061745,1,24.9,853,231,50,
20144120,061816,1,24.9,853,223,50,
20144120,061846,1,24.8,853,229,50,
20144120,061916,1,24.8,853,194,50,
20144120,061946,1,24.8,853,191,50,
20144120,062016,1,24.9,853,180,50,
20144120,062046,1,24.9,853,180,50,
20144120,062116,1,25.0,853,178,50,
20144120,062146,1,25.0,853,183,50,
20144120,062216,1,25.0,853,181,50,
20144120,062246,1,25.0,853,180,50,
20144120,062316,1,25.0,853,180,49,
20144120,062346,1,25.0,853,180,49,
20144120,062416,1,25.0,853,179,49,
20144120,062446,1,25.0,853,179,49,
20144120,062517,1,24.8,853,179,49,
20144120,062547,1,24.8,853,179,49,
20144120,062617,1,24.7,853,204,49,
20144120,062647,1,24.7,853,204,49,
20144120,062717,1,24.7,853,203,49,
20144120,062747,1,24.6,853,203,49,
20144120,062817,1,24.6,853,203,49,
20144120,062847,1,24.6,853,203,49,
20144120,062920,SIN RESPUESTA DE ESTACION #1
20144120,062947,1,24.5,853,200,49,
20144120,063017,1,24.4,853,202,49,
20144120,063047,1,24.4,853,203,50,
20144120,063117,1,24.4,853,203,50,
20144120,063148,1,24.4,853,203,50,
20144120,063218,1,24.4,853,203,50,
20144120,063248,1,24.3,853,203,50,
20144120,063318,1,24.3,853,201,50,
20144120,063348,1,24.3,853,170,50,
20144120,063418,1,24.3,853,178,50,
20144120,063448,1,24.3,853,177,50,
20144120,063518,1,24.3,853,177,50,
20144120,063548,1,24.2,853,176,50,
20144120,063618,1,24.2,853,176,50,
20144120,063648,1,24.2,853,176,50,
20144120,063718,1,24.2,853,177,50,
20144120,063748,1,24.2,853,177,50,
20144120,063818,1,24.1,853,176,50,
20144120,063849,1,24.1,853,180,50,
20144120,063919,1,24.1,853,184,50,
20144120,063949,1,24.1,853,187,50,
20144120,064019,1,24.1,854,200,50,
20144120,064049,1,24.1,853,201,50,
20144120,064119,1,24.1,853,201,50,
20144120,064149,1,24.1,853,201,50,
20144120,064219,1,24.1,853,200,50,
20144120,064249,1,24.1,853,200,50,
20144120,064319,1,24.1,853,200,50,
20144120,064349,1,24.0,853,200,50,
20144120,064419,1,24.0,853,200,50,
20144120,064449,1,24.1,853,200,50,
20144120,064519,1,24.1,853,188,50,
20144120,064550,1,24.0,853,198,50,
20144120,064620,1,24.0,853,197,50,
20144120,064650,1,24.1,853,202,50,
20144120,064720,1,24.0,853,258,50,
20144120,064750,1,24.0,853,259,50,
20144120,064820,1,24.0,853,230,50,
20144120,064850,1,24.0,854,236,50,
20144120,064920,1,23.9,854,258,50,
20144120,064950,1,23.9,853,259,50,
20144120,065020,1,23.9,853,259,51,
20144120,065050,1,23.8,854,258,51,
20144120,065120,1,23.8,854,258,51,
20144120,065153,SIN RESPUESTA DE ESTACION #1
20144120,065220,1,23.7,854,258,51,
20144120,065251,1,23.7,853,258,51,
20144120,065321,1,23.7,853,258,51,
20144120,065351,1,23.7,854,258,51,
20144120,065421,1,23.6,853,257,51,
20144120,065451,1,23.6,854,256,51,
20144120,065521,1,23.6,853,255,52,
20144120,065551,1,23.6,854,254,52,
20144120,065621,1,23.6,853,253,52,
20144120,065651,1,23.5,854,250,52,
20144120,065721,1,23.5,854,225,52,
20144120,065751,1,23.5,854,224,52,
20144120,065821,1,23.5,854,229,52,
20144120,065851,1,23.5,854,224,52,
20144120,065921,1,23.5,854,224,52,
20144120,065952,1,23.4,854,223,52,
20144120,070022,1,23.4,854,224,52,
20144120,070052,1,23.4,854,223,52,
20144120,070122,1,23.4,854,223,52,
20144120,070152,1,23.4,854,223,52,
20144120,070222,1,23.4,854,223,52,
20144120,070255,SIN RESPUESTA DE ESTACION #1
20144120,070322,1,23.4,854,222,52,
20144120,070352,1,23.4,854,222,52,
20144120,070422,1,23.3,854,222,52,
20144120,070452,1,23.3,854,221,52,
20144120,070525,SIN RESPUESTA DE ESTACION #1
20144120,070552,1,23.3,854,221,52,
20144120,070622,1,23.3,854,221,52,
20144120,070655,SIN RESPUESTA DE ESTACION #1
20144120,070723,1,23.3,854,221,52,
20144120,070753,1,23.3,854,220,52,
20144120,070823,1,23.3,854,213,52,
20144120,070853,1,23.3,854,234,52,
20144120,070923,1,23.3,854,233,53,
20144120,070953,1,23.3,854,233,53,
20144120,071023,1,23.3,854,234,53,
20144120,071053,1,23.3,854,234,53,
20144120,071123,1,23.3,854,233,52,
20144120,071153,1,23.2,854,233,52,
20144120,071223,1,23.3,854,233,52,
20144120,071253,1,23.2,854,233,52,
20144120,071323,1,23.2,854,233,52,
20144120,071354,1,23.2,854,233,52,
20144120,071424,1,23.2,854,232,52,
20144120,071454,1,23.2,854,232,52,
20144120,071524,1,23.2,854,232,52,
20144120,071554,1,23.2,854,233,52,
20144120,071624,1,23.2,854,239,52,
20144120,071654,1,23.2,854,233,52,
20144120,071724,1,23.2,854,232,52,
20144120,071754,1,23.2,854,233,52,
20144120,071824,1,23.2,854,234,52,
20144120,071854,1,23.2,854,237,53,
20144120,071924,1,23.2,854,235,53,
20144120,071954,1,23.2,854,232,53,
20144120,072025,1,23.2,854,232,53,
20144120,072055,1,23.2,854,232,53,
20144120,072125,1,23.2,854,232,53,
20144120,072155,1,23.2,854,232,53,
20144120,072225,1,23.2,854,238,53,
20144120,072255,1,23.2,854,232,53,
20144120,072325,1,23.2,854,233,53,
20144120,072355,1,23.2,854,235,53,
20144120,072425,1,23.2,854,235,53,
20144120,072455,1,23.2,854,235,53,
20144120,072525,1,23.2,854,237,53,
20144120,072555,1,23.2,854,237,53,
20144120,072625,1,23.2,854,234,53,
20144120,072655,1,23.3,854,233,53,
20144120,072726,1,23.3,854,237,53,
20144120,072756,1,23.2,854,238,53,
20144120,072826,1,23.2,854,235,53,
20144120,072856,1,23.2,854,234,53,
20144120,072926,1,23.2,854,234,53,
20144120,072956,1,23.2,854,233,53,
20144120,073026,1,23.2,854,232,53,
20144120,073056,1,23.2,854,232,53,
20144120,073126,1,23.2,854,231,53,
20144120,073156,1,23.2,854,231,53,
20144120,073226,1,23.2,854,229,53,
20144120,073256,1,23.3,854,231,53,
20144120,073326,1,23.3,854,211,53,
20144120,073356,1,23.3,854,231,53,
20144120,073427,1,23.3,854,231,53,
20144120,073457,1,23.3,854,231,53,
20144120,073527,1,23.3,854,231,53,
20144120,073557,1,23.3,854,232,53,
20144120,073627,1,23.3,854,231,53,
20144120,073657,1,23.3,854,178,53,
20144120,073727,1,23.3,854,231,53,
20144120,073757,1,23.4,854,230,53,
20144120,073827,1,23.4,854,229,53,
20144120,073857,1,23.3,854,229,53,
20144120,073927,1,23.4,854,219,53,
20144120,073957,1,23.4,854,236,53,
20144120,074027,1,23.4,854,238,54,
20144120,074057,1,23.4,854,3,54,
20144120,074128,1,23.4,854,3,53,
20144120,074158,1,23.3,854,3,53,
20144120,074228,1,23.3,854,2,53,
20144120,074258,1,23.3,854,2,53,
20144120,074328,1,23.3,854,2,53,
20144120,074358,1,23.3,854,2,54,
20144120,074428,1,23.2,854,2,54,
20144120,074458,1,23.2,854,2,54,
20144120,074528,1,23.2,854,2,54,
20144120,074558,1,23.2,854,2,54,
20144120,074628,1,23.2,854,1,54,
20144120,074658,1,23.1,854,1,54,
20144120,074728,1,23.1,854,1,54,
20144120,074758,1,23.1,854,1,54,
20144120,074829,1,23.1,854,1,54,
20144120,074859,1,23.1,854,1,54,
20144120,074929,1,23.0,854,1,54,
20144120,074959,1,23.0,854,1,54,
20144120,075029,1,23.0,854,1,54,
20144120,075059,1,23.0,854,1,54,
20144120,075129,1,23.0,854,1,54,
20144120,075159,1,22.9,854,0,54,
20144120,075229,1,22.9,854,0,54,
20144120,075259,1,22.9,854,0,54,
20144120,075329,1,22.9,854,0,54,
20144120,075359,1,22.9,854,0,54,
20144120,075429,1,22.9,854,0,54,
20144120,075459,1,22.9,854,0,54,
20144120,075530,1,22.9,854,0,54,
20144120,075600,1,22.8,854,0,54,
20144120,075630,1,22.9,854,0,54,
20144120,075700,1,22.8,854,0,54,
20144120,075730,1,22.8,854,0,54,
20144120,075800,1,22.8,854,0,54,
20144120,075830,1,22.8,854,0,54,
20144120,075900,1,22.8,854,0,54,
20144120,075930,1,22.8,854,0,54,
20144120,080000,1,22.8,854,0,54,
20144120,080030,1,22.7,854,0,54,
20144120,080114,SIN RESPUESTA DE ESTACION #1
20144120,080141,1,22.7,854,0,54,
20144120,080211,1,22.7,854,0,54,
20144120,080241,1,22.7,854,0,54,
20144120,080311,1,22.7,854,0,54,
20144120,080341,1,22.7,854,0,54,
20144120,080411,1,22.7,854,0,54,
20144120,080441,1,22.7,854,0,54,
20144120,080511,1,22.7,854,0,54,
20144120,080544,SIN RESPUESTA DE ESTACION #1
20144120,080611,1,22.7,854,0,54,
20144120,080641,1,22.7,854,0,54,
20144120,080712,1,22.7,854,0,54,
20144120,080742,1,22.6,854,0,54,
20144120,080812,1,22.6,854,0,54,
20144120,080842,1,22.6,854,0,54,
20144120,080912,1,22.6,854,0,54,
20144120,080942,1,22.6,854,0,54,
20144120,081012,1,22.6,854,0,54,
20144120,081042,1,22.6,854,0,54,
20144120,081112,1,22.6,854,0,54,
20144120,081142,1,22.6,854,0,54,
20144120,081212,1,22.6,854,0,54,
20144120,081242,1,22.6,854,0,54,
20144120,081312,1,22.6,854,0,54,
20144120,081342,1,22.6,854,0,54,
20144120,081413,1,22.6,854,0,54,
20144120,081443,1,22.6,854,0,54,
20144120,081513,1,22.6,854,0,54,
20144120,081543,1,22.6,854,0,54,
20144120,081613,1,22.6,854,0,54,
20144120,081643,1,22.5,854,0,54,
20144120,081713,1,22.5,854,0,54,
20144120,081743,1,22.5,854,0,54,
20144120,081813,1,22.5,854,0,54,
20144120,081843,1,22.5,854,0,54,
20144120,081913,1,22.5,854,0,54,
20144120,081943,1,22.5,854,0,54,
20144120,082013,1,22.5,854,0,54,
20144120,082044,1,22.5,854,0,54,
20144120,082114,1,22.5,854,0,54,
20144120,082144,1,22.5,854,0,54,
20144120,082214,1,22.5,854,0,54,
20144120,082244,1,22.5,855,0,54,
20144120,082314,1,22.5,854,0,54,
20144120,082344,1,22.5,854,0,54,
20144120,082414,1,22.5,855,0,54,
20144120,082444,1,22.5,854,0,54,
20144120,082514,1,22.5,854,0,54,
20144120,082544,1,22.5,855,0,54,
20144120,082614,1,22.5,854,0,54,
20144120,082644,1,22.5,854,0,54,
20144120,082714,1,22.4,854,0,54,
20144120,082745,1,22.4,854,0,54,
20144120,082815,1,22.4,855,0,54,
20144120,082845,1,22.4,854,0,54,
20144120,082915,1,22.4,855,0,54,
20144120,082945,1,22.4,855,0,54,
20144120,083015,1,22.4,855,0,54,
20144120,083045,1,22.4,855,0,54,
20144120,083115,1,22.4,855,0,54,
20144120,083145,1,22.4,855,0,54,
20144120,083215,1,22.4,854,0,54,
20144120,083245,1,22.4,855,0,54,
20144120,083315,1,22.4,855,0,54,
20144120,083345,1,22.4,855,0,54,
20144120,083415,1,22.4,855,0,54,
20144120,083446,1,22.4,855,179,54,
20144120,083516,1,22.4,855,198,54,
20144120,083546,1,22.4,855,213,54,
20144120,083616,1,22.4,855,219,55,
20144120,083646,1,22.4,855,224,54,
20144120,083716,1,22.5,855,226,54,
20144120,083746,1,22.4,855,227,54,
20144120,083816,1,22.4,855,228,54,
20144120,083846,1,22.5,855,209,54,
20144120,083916,1,22.5,855,227,54,
20144120,083946,1,22.5,855,227,54,
20144120,084016,1,22.5,855,227,54,
20144120,084046,1,22.6,855,228,54,
20144120,084116,1,22.6,855,228,54,
20144120,084147,1,22.6,855,228,54,
20144120,084217,1,22.6,855,229,55,
20144120,084247,1,22.6,855,229,55,
20144120,084317,1,22.6,855,229,55,
20144120,084347,1,22.6,855,230,55,
20144120,084417,1,22.6,855,230,55,
20144120,084447,1,22.6,855,231,55,
20144120,084517,1,22.7,855,231,55,
20144120,084547,1,22.7,855,232,55,
20144120,084617,1,22.6,855,232,55,
20144120,084647,1,22.7,855,232,55,
20144120,084717,1,22.7,855,232,55,
20144120,084747,1,22.7,855,233,55,
20144120,084817,1,22.7,855,232,55,
20144120,084848,1,22.7,855,232,55,
20144120,084918,1,22.7,855,233,55,
20144120,084951,SIN RESPUESTA DE ESTACION #1
20144120,085018,1,22.7,855,233,55,
20144120,085048,1,22.7,855,233,55,
20144120,085118,1,22.7,855,233,55,
20144120,085148,1,22.7,855,233,55,
20144120,085221,SIN RESPUESTA DE ESTACION #1
20144120,085251,SIN RESPUESTA DE ESTACION #1
20144120,085318,1,22.7,855,233,55,
20144120,085348,1,22.7,855,233,55,
20144120,085418,1,22.7,855,233,55,
20144120,085448,1,22.6,855,233,55,
20144120,085518,1,22.7,855,233,55,
20144120,085549,1,22.7,855,233,55,
20144120,085619,1,22.7,855,233,55,
20144120,085649,1,22.7,855,233,55,
20144120,085719,1,22.7,855,233,55,
20144120,085749,1,22.7,855,233,55,
20144120,085819,1,22.7,855,232,55,
20144120,085849,1,22.8,855,232,55,
20144120,085919,1,22.8,855,233,55,
20144120,085949,1,22.8,855,233,55,
20144120,090019,1,22.8,855,233,55,
20144120,090049,1,22.8,855,233,55,
20144120,090119,1,22.8,855,233,55,
20144120,090149,1,22.8,855,233,55,
20144120,090219,1,22.8,855,232,55,
20144120,090250,1,22.8,855,232,55,
20144120,090320,1,22.8,855,232,55,
20144120,090350,1,22.8,855,232,55,
20144120,090420,1,22.8,855,232,55,
20144120,090450,1,22.8,855,232,55,
20144120,090520,1,22.8,855,232,55,
20144120,090550,1,22.8,855,222,55,
20144120,090620,1,22.8,855,232,55,
20144120,090650,1,22.9,855,231,55,
20144120,090720,1,22.9,855,228,55,
20144120,090750,1,22.9,855,229,55,
20144120,090820,1,22.9,855,232,55,
20144120,090850,1,22.9,855,232,55,
20144120,090921,1,22.9,855,232,55,
20144120,090951,1,22.9,855,232,55,
20144120,091021,1,22.9,855,231,55,
20144120,091051,1,22.9,855,232,55,
20144120,091121,1,22.9,855,232,55,
20144120,091151,1,22.9,855,232,55,
20144120,091221,1,22.9,855,232,55,
20144120,091251,1,22.9,855,232,55,
20144120,091321,1,22.9,855,232,55,
20144120,091351,1,22.9,855,232,55,
20144120,091421,1,22.9,855,232,55,
20144120,091451,1,22.9,855,232,55,
20144120,091521,1,22.9,855,232,56,
20144120,091551,1,22.9,855,231,55,
20144120,091622,1,22.9,855,230,55,
20144120,091652,1,22.9,855,231,56,
20144120,091722,1,22.9,855,229,56,
20144120,091752,1,22.9,855,228,56,
20144120,091822,1,22.9,855,231,56,
20144120,091852,1,22.9,855,228,56,
20144120,091922,1,22.9,855,231,56,
20144120,091952,1,22.9,855,231,55,
20144120,092022,1,22.9,855,231,55,
20144120,092052,1,22.9,855,231,56,
20144120,092122,1,22.9,855,231,56,
20144120,092152,1,22.9,855,230,56,
20144120,092222,1,22.9,855,189,56,
20144120,092252,1,22.9,855,192,56,
20144120,092323,1,23.0,855,166,56,
20144120,092353,1,23.0,855,167,56,
20144120,092423,1,23.1,855,169,56,
20144120,092453,1,23.1,855,169,56,
20144120,092523,1,23.1,855,230,56,
20144120,092553,1,23.0,855,230,55,
20144120,092623,1,23.0,855,230,55,
20144120,092653,1,23.0,855,230,55,
20144120,092723,1,23.0,856,230,55,
20144120,092753,1,23.0,855,229,55,
20144120,092823,1,23.0,855,230,55,
20144120,092853,1,23.0,855,230,55,
20144120,092923,1,23.0,855,231,55,
20144120,092953,1,23.0,855,231,55,
20144120,093024,1,23.0,856,230,55,
20144120,093054,1,23.0,856,230,56,
20144120,093124,1,23.0,855,230,56,
20144120,093154,1,23.0,855,231,56,
20144120,093224,1,22.9,855,231,56,
20144120,093254,1,23.0,855,231,56,
20144120,093324,1,23.0,855,231,56,
20144120,093354,1,23.0,855,229,56,
20144120,093424,1,22.9,856,230,56,
20144120,093454,1,22.9,855,230,56,
20144120,093524,1,22.9,855,230,56,
20144120,093554,1,22.9,855,231,56,
20144120,093624,1,22.9,856,231,56,
20144120,093654,1,22.9,855,231,56,
20144120,093725,1,22.9,856,231,56,
20144120,093755,1,22.9,855,230,56,
20144120,093825,1,22.9,856,231,56,
20144120,093855,1,22.9,856,231,56,
20144120,093925,1,22.9,856,231,56,
20144120,093955,1,22.9,856,231,56,
20144120,094025,1,22.9,856,231,56,
20144120,094055,1,22.9,856,231,56,
20144120,094125,1,22.9,856,231,56,
20144120,094155,1,22.9,855,231,56,
20144120,094225,1,22.9,856,231,56,
20144120,094255,1,22.9,856,231,56,
20144120,094325,1,22.9,856,172,56,
20144120,094355,1,23.0,856,154,56,
20144120,094426,1,23.0,856,167,56,
20144120,094456,1,23.1,856,166,56,
20144120,094526,1,23.2,856,189,56,
20144120,094556,1,23.2,856,224,56,
20144120,094626,1,23.2,856,187,56,
20144120,094656,1,23.3,856,24,56,
20144120,094726,1,23.3,856,208,56,
20144120,094756,1,23.4,856,227,56,
20144120,094826,1,23.3,856,229,56,
20144120,094856,1,23.3,856,229,56,
20144120,094926,1,23.2,856,229,55,
20144120,094956,1,23.3,856,229,55,
20144120,095026,1,23.3,856,228,56,
20144120,095057,1,23.2,856,229,56,
20144120,095129,SIN RESPUESTA DE ESTACION #1
20144120,095157,1,23.3,856,228,56,
20144120,095227,1,23.3,856,226,56,
20144120,095257,1,23.2,856,215,56,
20144120,095327,1,23.2,856,215,56,
20144120,095357,1,23.2,856,228,56,
20144120,095427,1,23.2,856,226,56,
20144120,095457,1,23.3,856,229,56,
20144120,095527,1,23.3,856,229,56,
20144120,095557,1,23.3,856,229,56,
20144120,095627,1,23.3,856,229,56,
20144120,095657,1,23.3,856,226,56,
20144120,095727,1,23.3,856,226,56,
20144120,095758,1,23.3,856,227,56,
20144120,095828,1,23.2,856,228,56,
20144120,095858,1,23.3,856,190,56,
20144120,095928,1,23.3,856,210,56,
20144120,095958,1,23.3,856,212,56,
20144120,100028,1,23.3,856,214,56,
20144120,100058,1,23.3,856,213,56,
20144120,100128,1,23.3,856,214,56,
20144120,100158,1,23.4,856,200,56,
20144120,100228,1,23.5,856,167,56,
20144120,100258,1,23.6,856,196,56,
20144120,100328,1,23.6,856,227,56,
20144120,100358,1,23.5,856,226,56,
20144120,100428,1,23.5,856,227,56,
20144120,100459,1,23.5,856,228,56,
20144120,100529,1,23.5,856,229,56,
20144120,100559,1,23.5,856,229,56,
20144120,100629,1,23.6,856,201,56,
20144120,100659,1,23.5,856,229,56,
20144120,100729,1,23.5,856,226,56,
20144120,100759,1,23.5,856,229,56,
20144120,100829,1,23.5,856,228,56,
20144120,100859,1,23.5,856,228,56,
20144120,100929,1,23.4,856,228,56,
20144120,100959,1,23.4,856,228,56,
20144120,101029,1,23.3,856,226,56,
20144120,101059,1,23.3,856,221,56,
20144120,101129,1,23.4,856,220,56,
20144120,101200,1,23.4,856,220,56,
20144120,101230,1,23.3,856,229,56,
20144120,101300,1,23.3,856,228,56,
20144120,101330,1,23.3,856,228,56,
20144120,101400,1,23.3,856,228,56,
20144120,101430,1,23.2,856,228,56,
20144120,101500,1,23.2,856,228,56,
20144120,101530,1,23.2,856,227,56,
20144120,101600,1,23.2,856,227,56,
20144120,101630,1,23.2,856,227,56,
20144120,101700,1,23.2,856,228,56,
20144120,101730,1,23.2,856,227,56,
20144120,101800,1,23.2,856,229,56,
20144120,101830,1,23.2,856,228,56,
20144120,101901,1,23.2,856,229,56,
20144120,101931,1,23.3,856,234,56,
20144120,102001,1,23.4,856,331,57,
20144120,102031,1,23.4,856,332,57,
20144120,102101,1,23.4,856,332,57,
20144120,102131,1,23.4,856,332,57,
20144120,102201,1,23.5,856,332,57,
20144120,102231,1,23.4,856,331,57,
20144120,102301,1,23.5,856,332,57,
20144120,102331,1,23.4,856,333,57,
20144120,102401,1,23.4,856,332,57,
20144120,102431,1,23.4,856,0,57,
20144120,102501,1,23.4,856,0,57,
20144120,102531,1,23.4,856,0,57,
20144120,102602,1,23.4,856,0,57,
20144120,102632,1,23.4,856,0,57,
20144120,102702,1,23.3,856,0,57,
20144120,102732,1,23.3,856,0,57,
20144120,102802,1,23.3,856,0,57,
20144120,102832,1,23.2,856,0,57,
20144120,102902,1,23.2,856,0,57,
20144120,102932,1,23.2,856,0,57,
20144120,103002,1,23.2,856,0,57,
20144120,103032,1,23.2,856,0,57,
20144120,103102,1,23.1,856,0,57,
20144120,103132,1,23.1,856,0,57,
20144120,103202,1,23.1,856,0,57,
20144120,103233,1,23.0,856,0,57,
20144120,103303,1,23.1,856,0,57,
20144120,103333,1,23.0,856,0,57,
20144120,103403,1,23.0,856,0,57,
20144120,103433,1,23.0,856,0,57,
20144120,103503,1,23.0,856,0,57,
20144120,103533,1,23.0,856,0,57,
20144120,103603,1,22.9,856,0,57,
20144120,103633,1,22.9,856,0,57,
20144120,103703,1,22.9,856,0,57,
20144120,103733,1,22.9,856,0,57,
20144120,103803,1,22.9,856,0,57,
20144120,103833,1,22.9,856,0,57,
20144120,103903,1,22.8,856,0,57,
20144120,103934,1,22.8,856,0,57,
20144120,104004,1,22.8,856,0,57,
20144120,104034,1,22.8,856,0,57,
20144120,104104,1,22.8,856,0,57,
20144120,104134,1,22.8,856,0,57,
20144120,104204,1,22.7,856,0,57,
20144120,104234,1,22.7,856,0,57,
20144120,104304,1,22.7,856,0,57,
20144120,104334,1,22.7,856,0,57,
20144120,104404,1,22.7,856,0,57,
20144120,104434,1,22.7,856,0,57,
20144120,104504,1,22.7,856,0,57,
20144120,104534,1,22.7,856,0,57,
20144120,104604,1,22.7,856,0,57,
20144120,104635,1,22.7,856,0,57,
20144120,104705,1,22.7,856,0,57,
20144120,104735,1,22.6,856,0,57,
20144120,104805,1,22.7,856,0,57,
20144120,104835,1,22.6,856,0,57,
20144120,104905,1,22.6,856,0,57,
20144120,104935,1,22.6,856,0,57,
20144120,105005,1,22.6,856,0,57,
20144120,105035,1,22.6,856,0,57,
20144120,105105,1,22.6,856,0,57,
20144120,105135,1,22.6,856,0,57,
20144120,105205,1,22.6,856,0,57,
20144120,105235,1,22.6,856,0,57,
20144120,105305,1,22.6,856,0,57,
20144120,105336,1,22.6,856,0,57,
20144120,105406,1,22.6,856,0,57,
20144120,105436,1,22.6,856,0,57,
20144120,105506,1,22.6,856,0,57,
20144120,105536,1,22.6,856,0,57,
20144120,105606,1,22.6,856,0,57,
20144120,105636,1,22.5,856,0,57,
20144120,105706,1,22.6,856,0,57,
20144120,105736,1,22.5,856,0,57,
20144120,105806,1,22.5,856,0,57,
20144120,105836,1,22.5,856,0,57,
20144120,105906,1,22.5,856,0,57,
20144120,105936,1,22.5,856,0,57,
20144120,110006,1,22.5,856,0,57,
20144120,110037,1,22.5,856,0,57,
20144120,110107,1,22.5,856,0,57,
20144120,110137,1,22.5,856,0,57,
20144120,110207,1,22.5,856,0,57,
20144120,110237,1,22.5,856,0,57,
20144120,110307,1,22.5,856,0,57,
20144120,110337,1,22.5,856,0,57,
20144120,110407,1,22.5,856,0,57,
20144120,110437,1,22.4,856,0,57,
20144120,110507,1,22.4,856,0,57,
20144120,110537,1,22.4,856,0,57,
20144120,110607,1,22.4,856,0,57,
20144120,110637,1,22.4,856,0,57,
20144120,110707,1,22.4,856,0,57,
20144120,110738,1,22.4,856,0,57,
20144120,110808,1,22.4,856,0,57,
20144120,110838,1,22.4,856,0,57,
20144120,110908,1,22.4,856,0,57,
20144120,110938,1,22.4,856,0,57,
20144120,111008,1,22.4,856,0,57,
20144120,111038,1,22.4,856,0,57,
20144120,111108,1,22.4,856,0,57,
20144120,111138,1,22.4,856,0,57,
20144120,111208,1,22.4,856,0,57,
20144120,111238,1,22.4,856,0,57,
20144120,111308,1,22.4,856,0,57,
20144120,111338,1,22.4,856,0,57,
20144120,111408,1,22.4,856,0,57,
20144120,111439,1,22.4,856,0,57,
20144120,111509,1,22.3,856,0,57,
20144120,111539,1,22.3,856,0,57,
20144120,111609,1,22.4,856,0,57,
20144120,111639,1,22.3,856,0,57,
20144120,111709,1,22.3,856,0,57,
20144120,111739,1,22.3,856,0,57,
20144120,111809,1,22.3,856,0,57,
20144120,111839,1,22.3,856,0,57,
20144120,111909,1,22.3,856,0,57,
20144120,111939,1,22.3,856,0,57,
20144120,112009,1,22.3,856,0,57,
20144120,112039,1,22.3,856,0,57,
20144120,112109,1,22.3,856,0,57,
20144120,112140,1,22.3,856,0,57,
20144120,112210,1,22.3,856,0,57,
20144120,112240,1,22.3,856,0,57,
20144120,112310,1,22.3,856,0,57,
20144120,112340,1,22.3,856,0,57,
20144120,112410,1,22.3,856,0,57,
20144120,112440,1,22.3,856,0,57,
20144120,112510,1,22.3,856,0,57,
20144120,112540,1,22.3,856,0,57,
20144120,112610,1,22.3,856,0,57,
20144120,112640,1,22.3,856,0,57,
20144120,112710,1,22.3,856,0,57,
20144120,112740,1,22.3,856,0,57,
20144120,112811,1,22.3,856,0,57,
20144120,112841,1,22.3,856,0,57,
20144120,112911,1,22.3,856,0,57,
20144120,112941,1,22.3,856,0,57,
20144120,113011,1,22.2,856,0,57,
20144120,113041,1,22.3,856,0,57,
20144120,113111,1,22.2,856,0,57,
20144120,113141,1,22.2,856,0,57,
20144120,113211,1,22.2,856,0,57,
20144120,113241,1,22.2,856,0,57,
20144120,113311,1,22.2,856,0,57,
20144120,113341,1,22.2,856,0,57,
20144120,113411,1,22.2,856,0,57,
20144120,113441,1,22.2,856,0,57,
20144120,113512,1,22.2,856,0,57,
20144120,113542,1,22.2,856,0,57,
20144120,113612,1,22.2,856,0,57,
20144120,113642,1,22.2,856,0,57,
20144120,113712,1,22.2,856,0,57,
20144120,113742,1,22.2,856,0,57,
20144120,113812,1,22.2,856,0,57,
20144120,113842,1,22.2,856,0,57,
20144120,113912,1,22.2,856,0,57,
20144120,113942,1,22.2,856,0,57,
20144120,114012,1,22.2,856,0,57,
20144120,114042,1,22.2,856,0,57,
20144120,114112,1,22.2,856,0,57,
20144120,114142,1,22.2,856,0,57,
20144120,114213,1,22.2,856,0,57,
20144120,114243,1,22.2,856,0,57,
20144120,114313,1,22.2,856,0,57,
20144120,114343,1,22.2,856,0,57,
20144120,114413,1,22.2,856,0,57,
20144120,114443,1,22.2,856,0,57,
20144120,114513,1,22.2,856,0,57,
20144120,114543,1,22.2,856,0,57,
20144120,114613,1,22.2,856,0,57,
20144120,114643,1,22.2,856,0,57,
20144120,114713,1,22.2,856,0,57,
20144120,114743,1,22.2,856,0,57,
20144120,114813,1,22.2,856,0,57,
20144120,114843,1,22.2,856,0,57,
20144120,114914,1,22.2,856,0,57,
20144120,114944,1,22.2,856,0,57,
20144120,115014,1,22.2,856,0,57,
20144120,115044,1,22.2,856,0,57,
20144120,115114,1,22.2,856,0,57,
20144120,115144,1,22.2,856,0,57,
20144120,115214,1,22.2,856,0,57,
20144120,115244,1,22.2,856,0,57,
20144120,115314,1,22.2,856,0,57,
20144120,115344,1,22.2,856,0,57,
20144120,115414,1,22.2,856,0,57,
20144120,115444,1,22.2,856,0,57,
20144120,115514,1,22.2,856,0,57,
20144120,115544,1,22.2,856,0,57,
20144120,115615,1,22.1,856,0,57,
20144120,115645,1,22.1,856,0,57,
20144120,115715,1,22.1,856,0,57,
20144120,115745,1,22.1,856,0,57,
20144120,115815,1,22.1,856,0,57,
20144120,115845,1,22.1,856,0,57,
20144120,115915,1,22.1,856,0,57,
20144120,115945,1,22.1,856,0,57,
20144120,120015,1,22.1,856,0,57,
20144120,120045,1,22.1,856,0,57,
20144120,120115,1,22.1,856,0,57,
20144120,120145,1,22.1,856,0,57,
20144120,120215,1,22.1,856,0,57,
20144120,120245,1,22.1,856,0,57,
20144120,120316,1,22.1,856,0,57,
20144120,120346,1,22.1,856,0,57,
20144120,120416,1,22.1,856,0,57,
20144120,120446,1,22.1,856,0,57,
20144120,120516,1,22.1,856,0,57,
20144120,120546,1,22.1,856,0,57,
20144120,120616,1,22.1,856,0,57,
20144120,120646,1,22.1,856,0,57,
20144120,120716,1,22.1,856,0,57,
20144120,120746,1,22.1,856,0,57,
20144120,120816,1,22.1,856,0,57,
20144120,120846,1,22.1,856,0,57,
20144120,120916,1,22.1,856,0,57,
20144120,120946,1,22.1,856,0,57,
20144120,121017,1,22.1,856,0,57,
20144120,121047,1,22.1,856,0,57,
20144120,121117,1,22.0,856,0,57,
20144120,121147,1,22.0,856,0,57,
20144120,121217,1,22.0,856,0,57,
20144120,121247,1,22.1,856,0,57,
20144120,121317,1,22.0,856,0,57,
20144120,121347,1,22.1,856,0,57,
20144120,121417,1,22.0,856,0,57,
20144120,121447,1,22.0,856,0,57,
20144120,121517,1,22.0,856,0,57,
20144120,121547,1,22.0,856,0,57,
20144120,121617,1,22.0,856,0,57,
20144120,121647,1,22.0,856,0,57,
20144120,121718,1,22.0,856,0,57,
20144120,121748,1,22.0,856,0,57,
20144120,121818,1,22.0,856,0,57,
20144120,121848,1,22.0,856,0,57,
20144120,121918,1,22.0,856,0,57,
20144120,121948,1,22.0,856,0,57,
20144120,122018,1,22.0,856,0,57,
20144120,122048,1,22.0,856,0,57,
20144120,122118,1,22.0,856,0,57,
20144120,122148,1,22.0,856,0,57,
20144120,122218,1,22.0,856,0,57,
20144120,122248,1,22.0,856,0,57,
20144120,122318,1,22.0,856,0,57,
20144120,122348,1,22.0,856,0,57,
20144120,122419,1,22.0,856,0,57,
20144120,122449,1,22.0,856,0,57,
20144120,122519,1,22.0,856,0,57,
20144120,122549,1,22.0,856,0,57,
20144120,122619,1,22.0,856,0,57,
20144120,122649,1,22.0,856,0,57,
20144120,122719,1,22.0,856,0,57,
20144120,122749,1,22.0,856,0,57,
20144120,122819,1,22.0,856,0,57,
20144120,122849,1,22.0,856,0,57,
20144120,122919,1,22.0,856,0,57,
20144120,122949,1,22.0,856,0,57,
20144120,123019,1,22.0,856,0,57,
20144120,123050,1,22.0,856,0,57,
20144120,123120,1,21.9,856,0,57,
20144120,123150,1,21.9,856,0,57,
20144120,123220,1,21.9,856,0,57,
20144120,123250,1,21.9,856,0,57,
20144120,123320,1,21.9,856,0,57,
20144120,123350,1,22.0,856,0,57,
20144120,123420,1,21.9,856,0,57,
20144120,123450,1,21.9,856,0,57,
20144120,123520,1,22.0,856,0,57,
20144120,123550,1,22.0,856,0,57,
20144120,123620,1,22.0,856,0,57,
20144120,123650,1,21.9,856,0,57,
20144120,123720,1,21.9,856,0,57,
20144120,123751,1,21.9,856,0,57,
20144120,123821,1,21.9,856,0,57,
20144120,123851,1,21.9,856,0,57,
20144120,123921,1,21.9,856,0,57,
20144120,123951,1,21.9,856,0,57,
20144120,124021,1,21.9,856,0,57,
20144120,124051,1,21.9,856,0,57,
20144120,124121,1,21.9,856,0,57,
20144120,124151,1,21.9,856,0,57,
20144120,124221,1,21.9,856,0,57,
20144120,124251,1,21.9,856,0,57,
20144120,124321,1,21.9,856,0,57,
20144120,124351,1,21.9,856,0,57,
20144120,124421,1,21.9,856,0,57,
20144120,124452,1,21.9,856,0,57,
20144120,124522,1,21.9,856,0,57,
20144120,124552,1,21.9,856,0,57,
20144120,124622,1,21.9,856,0,57,
20144120,124652,1,21.9,856,0,57,
20144120,124722,1,21.9,856,0,57,
20144120,124752,1,21.9,856,0,57,
20144120,124822,1,21.9,856,0,57,
20144120,124852,1,21.9,856,0,57,
20144120,124922,1,21.9,856,0,57,
20144120,124952,1,21.9,856,0,57,
20144120,125022,1,21.9,856,0,57,
20144120,125052,1,21.9,856,0,57,
20144120,125122,1,21.9,856,0,57,
20144120,125153,1,21.9,856,0,57,
20144120,125223,1,21.9,856,0,57,
20144120,125253,1,21.9,856,0,57,
20144120,125323,1,21.9,856,0,57,
20144120,125353,1,21.9,856,0,57,
20144120,125423,1,21.9,856,0,57,
20144120,125453,1,21.9,856,0,57,
20144120,125523,1,21.9,856,0,57,
20144120,125553,1,21.9,856,0,57,
20144120,125623,1,21.9,856,0,57,
20144120,125653,1,21.9,856,0,57,
20144120,125723,1,21.9,856,0,57,
20144120,125753,1,21.9,856,0,57,
20144120,125823,1,21.9,856,0,57,
20144120,125854,1,21.9,856,0,57,
20144120,125924,1,21.8,856,0,57,
20144120,125954,1,21.9,856,0,57,
20144120,130024,1,21.9,856,0,57,
20144120,130054,1,21.8,856,0,57,
20144120,130124,1,21.8,856,0,57,
20144120,130154,1,21.9,856,0,57,
20144120,130224,1,21.9,856,0,57,
20144120,130254,1,21.9,856,0,57,
20144120,130324,1,21.9,856,0,57,
20144120,130354,1,21.9,856,0,57,
20144120,130424,1,21.8,856,0,57,
20144120,130454,1,21.8,856,0,57,
20144120,130524,1,21.8,856,0,58,
20144120,130555,1,21.8,856,0,58,
20144120,130625,1,21.8,856,0,58,
20144120,130655,1,21.9,856,0,58,
20144120,130725,1,21.8,856,0,58,
20144120,130755,1,21.9,856,0,58,
20144120,130825,1,21.8,856,0,58,
20144120,130855,1,21.8,856,0,58,
20144120,130925,1,21.8,856,0,58,
20144120,130955,1,21.9,856,0,58,
20144120,131025,1,21.8,856,0,58,
20144120,131055,1,21.8,856,0,58,
20144120,131125,1,21.9,856,0,58,
20144120,131155,1,21.8,856,0,58,
20144120,131226,1,21.8,856,0,58,
20144120,131256,1,21.8,856,0,58,
20144120,131326,1,21.8,856,0,58,
20144120,131356,1,21.8,856,0,58,
20144120,131426,1,21.8,856,0,58,
20144120,131456,1,21.8,856,0,58,
20144120,131526,1,21.8,856,0,58,
20144120,131556,1,21.8,856,0,58,
20144120,131626,1,21.8,856,0,58,
20144120,131656,1,21.8,856,0,58,
20144120,131726,1,21.8,856,0,58,
20144120,131756,1,21.8,856,0,58,
20144120,131826,1,21.8,856,0,58,
20144120,131856,1,21.8,856,0,58,
20144120,131927,1,21.8,856,0,58,
20144120,131957,1,21.8,856,0,58,
20144120,132027,1,21.8,856,0,58,
20144120,132057,1,21.8,856,0,58,
20144120,132127,1,21.8,856,0,58,
20144120,132157,1,21.8,856,0,58,
20144120,132227,1,21.8,856,0,58,
20144120,132257,1,21.8,856,0,58,
20144120,132327,1,21.8,856,0,58,
20144120,132357,1,21.8,856,0,58,
20144120,132427,1,21.8,856,0,58,
20144120,132457,1,21.8,856,0,58,
20144120,132527,1,21.8,856,0,58,
20144120,132557,1,21.8,856,0,58,
20144120,132628,1,21.8,856,0,58,
20144120,132658,1,21.8,856,0,58,
20144120,132728,1,21.8,856,0,58,
20144120,132758,1,21.8,856,0,58,
20144120,132828,1,21.8,856,0,58,
20144120,132858,1,21.8,856,0,58,
20144120,132928,1,21.8,856,0,58,
20144120,132958,1,21.8,856,0,58,
20144120,133028,1,21.8,856,0,58,
20144120,133058,1,21.8,856,0,58,
20144120,133128,1,21.8,856,0,58,
20144120,133158,1,21.8,856,0,58,
20144120,133228,1,21.8,856,0,58,
20144120,133258,1,21.8,856,0,58,
20144120,133329,1,21.8,856,0,58,
20144120,133359,1,21.8,856,0,58,
20144120,133429,1,21.8,856,0,58,
20144120,133459,1,21.8,856,0,58,
20144120,133529,1,21.8,856,0,58,
20144120,133559,1,21.8,856,0,58,
20144120,133629,1,21.8,856,0,58,
20144120,133659,1,21.8,856,0,58,
20144120,133729,1,21.8,856,0,58,
20144120,133759,1,21.8,856,0,58,
20144120,133829,1,21.8,856,0,58,
20144120,133859,1,21.8,856,0,58,
20144120,133929,1,21.8,856,0,58,
20144120,133959,1,21.8,856,0,58,
20144120,134030,1,21.8,856,0,58,
20144120,134100,1,21.8,856,0,58,
20144120,134130,1,21.8,856,0,58,
20144120,134200,1,21.8,856,0,58,
20144120,134230,1,21.8,856,0,58,
20144120,134300,1,21.8,856,0,58,
20144120,134330,1,21.8,856,0,58,
20144120,134400,1,21.8,856,0,58,
20144120,134430,1,21.8,856,0,58,
20144120,134500,1,21.8,856,0,58,
20144120,134530,1,21.8,856,0,58,
20144120,134600,1,21.8,856,0,58,
20144120,134630,1,21.8,856,0,58,
20144120,134701,1,21.8,856,0,58,
20144120,134731,1,21.8,856,0,58,
20144120,134801,1,21.8,856,0,58,
20144120,134831,1,21.8,856,0,58,
20144120,134901,1,21.8,856,0,58,
20144120,134931,1,21.8,856,0,58,
20144120,135001,1,21.8,856,0,58,
20144120,135031,1,21.8,856,0,58,
20144120,135101,1,21.8,856,0,58,
20144120,135131,1,21.8,856,0,58,
20144120,135201,1,21.8,856,0,58,
20144120,135231,1,21.8,856,0,58,
20144120,135301,1,21.8,856,0,58,
20144120,135331,1,21.8,856,0,58,
20144120,135402,1,21.8,856,0,58,
20144120,135432,1,21.8,856,0,58,
20144120,135502,1,21.7,856,0,58,
20144120,135532,1,21.7,856,0,58,
20144120,135602,1,21.7,856,0,58,
20144120,135632,1,21.7,856,0,58,
20144120,135702,1,21.7,856,0,58,
20144120,135732,1,21.7,856,0,58,
20144120,135802,1,21.7,855,0,58,
20144120,135832,1,21.7,856,0,58,
20144120,135902,1,21.7,855,0,58,
20144120,135932,1,21.7,856,0,58,
20144120,140002,1,21.7,855,0,58,
20144120,140032,1,21.7,855,0,58,
20144120,140103,1,21.7,855,0,58,
20144120,140133,1,21.7,855,0,58,
20144120,140203,1,21.7,855,0,58,
20144120,140233,1,21.7,855,0,58,
20144120,140303,1,21.7,855,0,58,
20144120,140333,1,21.7,855,0,58,
20144120,140403,1,21.7,855,0,58,
20144120,140433,1,21.7,855,0,58,
20144120,140503,1,21.7,855,0,58,
20144120,140533,1,21.7,855,0,58,
20144120,140603,1,21.7,855,0,58,
20144120,140633,1,21.7,855,0,58,
20144120,140703,1,21.7,855,0,58,
20144120,140733,1,21.7,855,0,58,
20144120,140804,1,21.7,855,0,58,
20144120,140834,1,21.7,855,0,58,
20144120,140904,1,21.7,855,0,58,
20144120,140934,1,21.7,855,0,58,
20144120,141004,1,21.7,855,0,58,
20144120,141034,1,21.7,855,0,58,
20144120,141104,1,21.7,855,0,58,
20144120,141134,1,21.7,855,0,58,
20144120,141204,1,21.7,855,0,58,
20144120,141234,1,21.7,855,0,58,
20144120,141304,1,21.7,855,0,58,
20144120,141334,1,21.7,855,0,58,
20144120,141404,1,21.7,855,0,58,
20144120,141434,1,21.7,855,0,58,
20144120,141505,1,21.7,855,0,58,
20144120,141535,1,21.7,855,0,58,
20144120,141605,1,21.7,855,0,58,
20144120,141635,1,21.7,855,0,58,
20144120,141705,1,21.7,855,0,58,
20144120,141735,1,21.7,855,0,58,
20144120,141805,1,21.7,855,0,58,
20144120,141835,1,21.7,855,0,58,
20144120,141905,1,21.6,855,0,58,
20144120,141935,1,21.7,855,0,58,
20144120,142005,1,21.7,855,0,58,
20144120,142035,1,21.7,855,0,58,
20144120,142105,1,21.7,855,0,58,
20144120,142136,1,21.6,855,0,58,
20144120,142206,1,21.7,855,0,58,
20144120,142236,1,21.7,855,0,58,
20144120,142306,1,21.6,855,0,58,
20144120,142336,1,21.6,855,0,58,
20144120,142406,1,21.6,855,0,58,
20144120,142436,1,21.6,855,0,58,
20144120,142506,1,21.6,855,0,58,
20144120,142536,1,21.6,855,0,58,
20144120,142606,1,21.6,855,0,58,
20144120,142636,1,21.6,855,0,58,
20144120,142706,1,21.6,855,0,58,
20144120,142736,1,21.6,855,0,58,
20144120,142806,1,21.6,855,0,58,
20144120,142837,1,21.6,855,0,58,
20144120,142907,1,21.6,855,0,58,
20144120,142937,1,21.6,855,0,58,
20144120,143007,1,21.6,855,0,58,
20144120,143037,1,21.6,855,0,58,
20144120,143107,1,21.6,855,0,58,
20144120,143137,1,21.6,855,0,58,
20144120,143207,1,21.6,855,0,58,
20144120,143237,1,21.6,855,0,58,
20144120,143307,1,21.6,855,0,58,
20144120,143337,1,21.6,855,0,58,
20144120,143407,1,21.6,855,0,58,
20144120,143437,1,21.6,855,0,58,
20144120,143507,1,21.6,855,0,58,
20144120,143538,1,21.6,855,0,58,
20144120,143608,1,21.6,855,0,58,
20144120,143638,1,21.6,855,0,58,
20144120,143708,1,21.6,855,0,58,
20144120,143738,1,21.6,855,0,58,
20144120,143808,1,21.6,855,0,58,
20144120,143838,1,21.6,855,0,58,
20144120,143908,1,21.6,855,0,58,
20144120,143938,1,21.6,855,0,58,
20144120,144008,1,21.6,855,0,58,
20144120,144038,1,21.6,855,0,58,
20144120,144108,1,21.6,855,0,58,
20144120,144138,1,21.6,855,0,58,
20144120,144208,1,21.6,855,0,58,
20144120,144239,1,21.6,855,0,58,
20144120,144309,1,21.6,855,0,58,
20144120,144339,1,21.6,855,0,58,
20144120,144409,1,21.5,855,0,58,
20144120,144439,1,21.5,855,0,58,
20144120,144509,1,21.5,855,0,58,
20144120,144539,1,21.6,855,0,58,
20144120,144609,1,21.5,855,0,58,
20144120,144639,1,21.5,855,0,58,
20144120,144709,1,21.5,855,0,58,
20144120,144739,1,21.5,855,0,58,
20144120,144809,1,21.5,855,0,58,
20144120,144839,1,21.5,855,0,58,
20144120,144909,1,21.5,855,0,58,
20144120,144940,1,21.5,855,0,58,
20144120,145010,1,21.5,855,0,58,
20144120,145040,1,21.5,855,0,58,
20144120,145110,1,21.5,855,0,58,
20144120,145140,1,21.5,855,0,58,
20144120,145210,1,21.5,855,0,58,
20144120,145240,1,21.5,855,0,58,
20144120,145310,1,21.5,855,0,58,
20144120,145340,1,21.5,855,0,58,
20144120,145410,1,21.5,855,0,58,
20144120,145440,1,21.5,855,0,58,
20144120,145510,1,21.5,855,0,58,
20144120,145540,1,21.5,855,0,58,
20144120,145610,1,21.5,855,0,58,
20144120,145641,1,21.5,855,0,58,
20144120,145711,1,21.5,855,0,58,
20144120,145741,1,21.5,855,0,58,
20144120,145811,1,21.5,855,0,58,
20144120,145841,1,21.5,855,0,58,
20144120,145911,1,21.5,855,0,58,
20144120,145941,1,21.5,855,0,58,
20144120,150011,1,21.5,855,0,58,
20144120,150041,1,21.5,855,0,58,
20144120,150111,1,21.5,855,0,58,
20144120,150141,1,21.5,855,0,58,
20144120,150211,1,21.5,855,0,58,
20144120,150241,1,21.5,855,0,58,
20144120,150312,1,21.5,855,0,58,
20144120,150342,1,21.5,855,0,58,
20144120,150412,1,21.5,855,0,58,
20144120,150442,1,21.5,855,0,58,
20144120,150512,1,21.5,855,0,58,
20144120,150542,1,21.5,855,0,58,
20144120,150612,1,21.5,855,0,58,
20144120,150642,1,21.5,855,0,58,
20144120,150712,1,21.5,855,0,58,
20144120,150742,1,21.5,855,0,58,
20144120,150812,1,21.5,855,0,58,
20144120,150842,1,21.5,855,0,58,
20144120,150912,1,21.5,855,0,58,
20144120,150942,1,21.5,855,0,58,
20144120,151013,1,21.5,855,0,58,
20144120,151043,1,21.5,855,0,58,
20144120,151113,1,21.5,855,0,58,
20144120,151143,1,21.5,855,0,58,
20144120,151213,1,21.5,855,0,58,
20144120,151243,1,21.5,855,0,58,
20144120,151313,1,21.5,855,0,58,
20144120,151343,1,21.5,855,0,58,
20144120,151413,1,21.5,855,0,58,
20144120,151443,1,21.5,855,0,58,
20144120,151513,1,21.5,855,0,58,
20144120,151543,1,21.5,855,0,58,
20144120,151613,1,21.4,855,0,58,
20144120,151643,1,21.5,855,0,58,
20144120,151714,1,21.4,855,0,58,
20144120,151744,1,21.4,855,0,58,
20144120,151814,1,21.4,855,0,58,
20144120,151844,1,21.4,855,0,58,
20144120,151914,1,21.4,855,0,58,
20144120,151944,1,21.4,855,0,58,
20144120,152014,1,21.4,855,0,58,
20144120,152044,1,21.4,855,0,58,
20144120,152114,1,21.4,855,0,58,
20144120,152144,1,21.4,855,0,58,
20144120,152214,1,21.4,855,0,58,
20144120,152244,1,21.5,855,0,58,
20144120,152314,1,21.4,855,0,58,
20144120,152344,1,21.4,855,0,58,
20144120,152415,1,21.4,855,0,58,
20144120,152445,1,21.4,855,0,58,
20144120,152515,1,21.4,855,0,58,
20144120,152545,1,21.4,855,0,58,
20144120,152615,1,21.4,855,0,58,
20144120,152645,1,21.4,855,0,58,
20144120,152715,1,21.4,855,0,58,
20144120,152745,1,21.4,855,0,58,
20144120,152815,1,21.4,855,0,58,
20144120,152845,1,21.4,855,0,58,
20144120,152915,1,21.4,855,0,58,
20144120,152945,1,21.4,855,0,58,
20144120,153015,1,21.4,855,0,58,
20144120,153045,1,21.4,854,0,58,
20144120,153116,1,21.4,855,0,58,
20144120,153146,1,21.4,854,0,58,
20144120,153216,1,21.4,855,0,58,
20144120,153246,1,21.4,855,0,58,
20144120,153316,1,21.4,855,0,58,
20144120,153346,1,21.4,854,0,58,
20144120,153416,1,21.4,855,0,58,
20144120,153446,1,21.4,855,0,58,
20144120,153516,1,21.4,855,0,58,
20144120,153546,1,21.4,855,0,58,
20144120,153616,1,21.4,855,0,58,
20144120,153646,1,21.4,855,0,58,
20144120,153716,1,21.4,854,0,58,
20144120,153746,1,21.4,854,0,58,
20144120,153817,1,21.4,855,0,58,
20144120,153847,1,21.4,855,0,58,
20144120,153917,1,21.4,854,0,58,
20144120,153947,1,21.4,854,0,58,
20144120,154017,1,21.4,854,0,58,
20144120,154047,1,21.4,854,0,58,
20144120,154117,1,21.4,854,0,58,
20144120,154147,1,21.4,854,0,58,
20144120,154217,1,21.3,854,0,58,
20144120,154247,1,21.3,854,0,58,
20144120,154317,1,21.3,854,0,58,
20144120,154347,1,21.3,855,0,58,
20144120,154417,1,21.4,854,0,58,
20144120,154448,1,21.3,854,0,58,
20144120,154518,1,21.3,854,0,58,
20144120,154548,1,21.3,855,0,58,
20144120,154618,1,21.3,855,0,58,
20144120,154648,1,21.3,854,0,58,
20144120,154718,1,21.4,855,0,58,
20144120,154748,1,21.3,855,0,58,
20144120,154818,1,21.3,854,0,58,
20144120,154848,1,21.3,854,0,58,
20144120,154918,1,21.3,854,0,58,
20144120,154948,1,21.3,854,0,58,
20144120,155018,1,21.3,854,0,58,
20144120,155051,SIN RESPUESTA DE ESTACION #1
20144120,155121,SIN RESPUESTA DE ESTACION #1
20144120,155149,1,21.3,854,0,58,
20144120,155219,1,21.3,854,0,58,
20144120,155249,1,21.3,854,0,58,
20144120,155319,1,21.3,855,0,58,
20144120,155349,1,21.3,854,0,58,
20144120,155419,1,21.3,854,0,58,
20144120,155449,1,21.3,854,0,58,
20144120,155519,1,21.3,854,0,58,
20144120,155549,1,21.3,854,0,58,
20144120,155619,1,21.3,854,0,58,
20144120,155649,1,21.3,854,0,58,
20144120,155719,1,21.3,854,0,58,
20144120,155749,1,21.3,854,0,58,
20144120,155820,1,21.3,854,0,58,
20144120,155850,1,21.3,854,0,58,
20144120,155920,1,21.3,854,0,58,
20144120,155950,1,21.3,854,0,58,
20144120,160020,1,21.4,854,0,58,
20144120,160050,1,21.3,854,0,58,
20144120,160120,1,21.4,854,0,58,
20144120,160150,1,21.3,854,0,58,
20144120,160220,1,21.3,854,0,58,
20144120,160250,1,21.3,854,0,58,
20144120,160320,1,21.3,854,0,58,
20144120,160350,1,21.3,854,0,58,
20144120,160420,1,21.3,854,0,58,
20144120,160450,1,21.3,854,0,58,
20144120,160520,1,21.3,854,0,58,
20144120,160551,1,21.3,854,0,58,
20144120,160621,1,21.3,854,0,58,
20144120,160651,1,21.3,854,0,58,
20144120,160721,1,21.3,854,0,58,
20144120,160751,1,21.3,854,0,58,
20144120,160821,1,21.3,854,0,58,
20144120,160851,1,21.3,854,0,58,
20144120,160921,1,21.3,854,0,58,
20144120,160951,1,21.3,854,0,58,
20144120,161021,1,21.3,854,0,58,
20144120,161051,1,21.3,854,0,58,
20144120,161121,1,21.3,854,0,58,
20144120,161151,1,21.3,854,0,58,
20144120,161221,1,21.3,854,0,58,
20144120,161252,1,21.3,854,0,58,
20144120,161322,1,21.3,854,0,58,
20144120,161352,1,21.3,854,0,58,
20144120,161422,1,21.3,854,0,58,
20144120,161452,1,21.3,854,0,58,
20144120,161522,1,21.3,854,0,58,
20144120,161552,1,21.3,854,0,58,
20144120,161622,1,21.3,854,0,58,
20144120,161652,1,21.3,854,0,58,
20144120,161722,1,21.3,854,0,58,
20144120,161752,1,21.3,854,0,58,
20144120,161822,1,21.3,854,0,58,
20144120,161852,1,21.3,854,0,58,
20144120,161922,1,21.3,854,0,58,
20144120,161953,1,21.3,854,0,58,
20144120,162023,1,21.3,854,0,58,
20144120,162053,1,21.3,854,0,58,
20144120,162123,1,21.3,854,0,58,
20144120,162153,1,21.3,854,0,58,
20144120,162223,1,21.3,854,0,58,
20144120,162253,1,21.3,854,0,58,
20144120,162323,1,21.3,854,0,58,
20144120,162353,1,21.3,854,0,58,
20144120,162423,1,21.3,854,0,58,
20144120,162453,1,21.3,854,0,58,
20144120,162523,1,21.3,854,0,58,
20144120,162553,1,21.3,854,0,58,
20144120,162623,1,21.3,854,0,58,
20144120,162654,1,21.3,854,0,58,
20144120,162724,1,21.3,854,0,58,
20144120,162754,1,21.3,854,0,58,
20144120,162824,1,21.3,854,0,58,
20144120,162854,1,21.3,854,0,58,
20144120,162924,1,21.3,854,0,58,
20144120,162954,1,21.3,854,0,58,
20144120,163024,1,21.3,854,0,58,
20144120,163054,1,21.3,854,0,58,
20144120,163124,1,21.3,854,0,58,
20144120,163154,1,21.3,854,0,58,
20144120,163224,1,21.2,854,0,58,
20144120,163254,1,21.3,854,0,58,
20144120,163325,1,21.3,854,0,58,
20144120,163355,1,21.3,854,0,58,
20144120,163425,1,21.3,854,0,58,
20144120,163455,1,21.3,854,0,58,
20144120,163525,1,21.3,854,0,58,
20144120,163555,1,21.3,854,0,58,
20144120,163625,1,21.2,854,0,58,
20144120,163655,1,21.2,854,0,58,
20144120,163725,1,21.2,854,0,58,
20144120,163755,1,21.3,854,0,58,
20144120,163825,1,21.2,854,0,58,
20144120,163855,1,21.2,854,0,58,
20144120,163925,1,21.2,854,0,58,
20144120,163955,1,21.2,854,0,58,
20144120,164026,1,21.2,854,0,58,
20144120,164056,1,21.2,854,0,58,
20144120,164126,1,21.2,854,0,58,
20144120,164156,1,21.2,854,0,58,
20144120,164226,1,21.2,854,0,58,
20144120,164256,1,21.2,854,0,58,
20144120,164326,1,21.2,854,0,58,
20144120,164356,1,21.2,854,0,58,
20144120,164426,1,21.2,854,0,58,
20144120,164456,1,21.2,854,0,58,
20144120,164526,1,21.2,854,0,58,
20144120,164556,1,21.2,854,0,58,
20144120,164626,1,21.2,854,0,58,
20144120,164656,1,21.2,854,0,58,
20144120,164727,1,21.2,854,0,58,
20144120,164757,1,21.2,854,0,58,
20144120,164827,1,21.2,854,0,58,
20144120,164857,1,21.2,854,0,58,
20144120,164927,1,21.2,854,0,58,
20144120,164957,1,21.2,854,0,58,
20144120,165027,1,21.2,854,0,58,
20144120,165057,1,21.2,854,0,58,
20144120,165127,1,21.2,854,0,58,
20144120,165157,1,21.2,854,0,58,
20144120,165227,1,21.2,854,0,58,
20144120,165257,1,21.2,854,0,58,
20144120,165327,1,21.2,854,0,58,
20144120,165357,1,21.2,854,0,58,
20144120,165428,1,21.2,854,0,58,
20144120,165458,1,21.2,854,0,58,
20144120,165528,1,21.2,854,0,58,
20144120,165558,1,21.2,854,0,58,
20144120,165628,1,21.2,854,0,58,
20144120,165658,1,21.2,854,0,58,
20144120,165728,1,21.2,854,0,58,
20144120,165758,1,21.2,854,0,58,
20144120,165828,1,21.2,854,0,58,
20144120,165858,1,21.2,854,0,58,
20144120,165928,1,21.2,854,0,58,
20144120,165958,1,21.2,854,0,58,
20144120,170028,1,21.2,854,0,58,
20144120,170058,1,21.2,854,0,58,
20144120,170129,1,21.2,854,0,58,
20144120,170159,1,21.2,854,0,58,
20144120,170229,1,21.2,854,0,58,
20144120,170259,1,21.2,854,0,58,
20144120,170329,1,21.2,854,0,58,
20144120,170359,1,21.2,854,0,58,
20144120,170429,1,21.2,854,0,58,
20144120,170459,1,21.2,854,0,58,
20144120,170529,1,21.2,854,0,58,
20144120,170559,1,21.2,854,0,58,
20144120,170629,1,21.2,854,0,58,
20144120,170659,1,21.2,854,0,58,
20144120,170729,1,21.2,854,0,58,
20144120,170800,1,21.2,854,0,58,
20144120,170830,1,21.2,854,0,58,
20144120,170900,1,21.2,854,0,58,
20144120,170930,1,21.2,854,0,58,
20144120,171000,1,21.2,854,0,58,
20144120,171030,1,21.2,854,0,58,
20144120,171100,1,21.2,854,0,58,
20144120,171130,1,21.2,854,0,58,
20144120,171200,1,21.2,854,0,58,
20144120,171230,1,21.2,854,0,58,
20144120,171300,1,21.2,854,0,58,
20144120,171330,1,21.2,854,0,58,
20144120,171400,1,21.2,854,0,58,
20144120,171430,1,21.2,854,0,58,
20144120,171501,1,21.2,854,0,58,
20144120,171531,1,21.2,854,0,58,
20144120,171601,1,21.2,854,0,58,
20144120,171631,1,21.2,854,0,58,
20144120,171701,1,21.2,854,0,58,
20144120,171731,1,21.2,854,0,58,
20144120,171801,1,21.2,854,0,58,
20144120,171831,1,21.2,854,0,58,
20144120,171901,1,21.2,854,0,58,
20144120,171931,1,21.2,854,0,58,
20144120,172001,1,21.2,854,0,58,
20144120,172031,1,21.2,854,0,58,
20144120,172101,1,21.2,854,0,58,
20144120,172131,1,21.2,854,0,58,
20144120,172202,1,21.2,854,0,58,
20144120,172232,1,21.2,854,0,58,
20144120,172302,1,21.2,854,0,58,
20144120,172332,1,21.2,854,0,58,
20144120,172402,1,21.2,854,0,58,
20144120,172432,1,21.2,854,0,58,
20144120,172502,1,21.2,854,0,58,
20144120,172532,1,21.2,854,0,58,
20144120,172602,1,21.2,854,0,58,
20144120,172632,1,21.2,854,0,58,
20144120,172702,1,21.2,854,0,58,
20144120,172732,1,21.2,854,0,58,
20144120,172802,1,21.1,854,0,58,
20144120,172832,1,21.1,854,0,58,
20144120,172903,1,21.1,854,0,58,
20144120,172933,1,21.2,854,0,58,
20144120,173003,1,21.2,854,0,58,
20144120,173033,1,21.2,854,0,58,
20144120,173103,1,21.1,854,0,58,
20144120,173133,1,21.2,854,0,58,
20144120,173203,1,21.2,854,0,58,
20144120,173233,1,21.2,854,0,58,
20144120,173303,1,21.2,854,0,58,
20144120,173333,1,21.2,854,0,58,
20144120,173403,1,21.1,854,0,58,
20144120,173433,1,21.2,854,0,58,
20144120,173503,1,21.2,854,0,58,
20144120,173533,1,21.2,854,0,58,
20144120,173604,1,21.2,854,0,58,
20144120,173634,1,21.2,854,0,58,
20144120,173704,1,21.1,854,0,58,
20144120,173734,1,21.2,854,0,58,
20144120,173804,1,21.2,854,0,58,
20144120,173834,1,21.2,854,0,58,
20144120,173904,1,21.2,854,0,58,
20144120,173934,1,21.2,854,0,58,
20144120,174004,1,21.2,854,0,58,
20144120,174034,1,21.2,854,0,58,
20144120,174104,1,21.2,854,0,58,
20144120,174134,1,21.2,854,0,58,
20144120,174204,1,21.2,854,0,58,
20144120,174235,1,21.2,854,0,58,
20144120,174305,1,21.2,854,0,58,
20144120,174335,1,21.1,854,0,58,
20144120,174405,1,21.1,854,0,58,
20144120,174435,1,21.2,854,0,58,
20144120,174505,1,21.1,854,0,58,
20144120,174535,1,21.1,854,0,58,
20144120,174605,1,21.1,854,0,58,
20144120,174635,1,21.1,854,0,58,
20144120,174705,1,21.1,854,0,58,
20144120,174735,1,21.1,854,0,58,
20144120,174805,1,21.1,854,0,58,
20144120,174835,1,21.1,854,0,58,
20144120,174905,1,21.2,854,0,58,
20144120,174936,1,21.1,854,0,58,
20144120,175006,1,21.1,854,0,58,
20144120,175036,1,21.2,854,0,58,
20144120,175106,1,21.1,854,0,58,
20144120,175136,1,21.2,854,0,58,
20144120,175206,1,21.2,854,0,58,
20144120,175236,1,21.1,854,0,58,
20144120,175306,1,21.1,854,0,58,
20144120,175336,1,21.1,854,0,58,
20144120,175406,1,21.1,854,0,58,
20144120,175436,1,21.1,854,0,58,
20144120,175506,1,21.1,854,0,58,
20144120,175536,1,21.1,854,0,58,
20144120,175606,1,21.1,854,0,58,
20144120,175637,1,21.1,854,0,58,
20144120,175707,1,21.1,854,0,58,
20144120,175737,1,21.1,854,0,58,
20144120,175807,1,21.1,854,0,58,
20144120,175837,1,21.1,854,0,58,
20144120,175907,1,21.1,854,0,58,
20144120,175937,1,21.1,854,0,58,
20144120,180007,1,21.1,854,0,58,
20144120,180037,1,21.1,854,0,58,
20144120,180107,1,21.1,854,0,58,
20144120,180137,1,21.1,854,0,58,
20144120,180207,1,21.1,854,0,58,
20144120,180237,1,21.1,854,0,58,
20144120,180307,1,21.1,854,0,58,
20144120,180338,1,21.1,854,0,58,
20144120,180408,1,21.1,854,0,58,
20144120,180438,1,21.1,854,0,58,
20144120,180508,1,21.1,854,0,58,
20144120,180538,1,21.1,854,0,58,
20144120,180608,1,21.1,854,0,58,
20144120,180638,1,21.1,854,0,58,
20144120,180708,1,21.1,854,0,58,
20144120,180738,1,21.1,854,0,58,
20144120,180808,1,21.1,854,0,58,
20144120,180838,1,21.1,854,0,58,
20144120,180908,1,21.1,854,0,58,
20144120,180938,1,21.1,854,0,58,
20144120,181008,1,21.1,854,0,58,
20144120,181039,1,21.1,854,0,58,
20144120,181109,1,21.1,854,0,58,
20144120,181139,1,21.1,854,0,58,
20144120,181209,1,21.1,854,0,58,
20144120,181239,1,21.1,854,0,58,
20144120,181309,1,21.1,854,0,58,
20144120,181339,1,21.1,854,0,58,
20144120,181409,1,21.1,854,0,58,
20144120,181439,1,21.1,854,0,58,
20144120,181509,1,21.1,854,0,58,
20144120,181539,1,21.1,854,0,58,
20144120,181609,1,21.1,854,0,58,
20144120,181639,1,21.1,854,0,58,
20144120,181709,1,21.1,854,0,58,
20144120,181740,1,21.1,854,0,58,
20144120,181810,1,21.1,854,0,58,
20144120,181840,1,21.1,854,0,58,
20144120,181910,1,21.1,854,0,58,
20144120,181940,1,21.1,854,0,58,
20144120,182010,1,21.1,854,0,58,
20144120,182040,1,21.1,854,0,58,
20144120,182110,1,21.1,854,0,58,
20144120,182140,1,21.1,854,0,58,
20144120,182210,1,21.1,854,0,58,
20144120,182240,1,21.1,854,0,58,
20144120,182310,1,21.1,854,0,58,
20144120,182340,1,21.1,854,0,58,
20144120,182411,1,21.1,854,0,58,
20144120,182441,1,21.1,854,0,58,
20144120,182511,1,21.1,854,0,58,
20144120,182541,1,21.1,854,0,58,
20144120,182611,1,21.1,854,0,58,
20144120,182641,1,21.1,854,0,58,
20144120,182711,1,21.1,854,0,58,
20144120,182741,1,21.1,854,0,58,
20144120,182811,1,21.1,854,0,58,
20144120,182841,1,21.1,854,0,58,
20144120,182911,1,21.1,854,0,58,
20144120,182941,1,21.1,854,0,57,
20144120,183011,1,21.1,854,0,58,
20144120,183041,1,21.1,854,0,57,
20144120,183112,1,21.1,854,0,57,
20144120,183142,1,21.1,854,0,57,
20144120,183212,1,21.1,854,0,57,
20144120,183242,1,21.1,854,0,57,
20144120,183312,1,21.1,854,0,57,
20144120,183342,1,21.1,854,0,57,
20144120,183412,1,21.1,854,0,57,
20144120,183442,1,21.1,854,0,57,
20144120,183512,1,21.1,854,0,57,
20144120,183542,1,21.1,854,0,57,
20144120,183612,1,21.1,854,0,57,
20144120,183642,1,21.1,854,0,57,
20144120,183712,1,21.1,854,0,57,
20144120,183742,1,21.1,854,0,57,
20144120,183813,1,21.1,854,0,57,
20144120,183843,1,21.1,854,0,57,
20144120,183913,1,21.1,854,0,57,
20144120,183943,1,21.1,854,0,57,
20144120,184013,1,21.1,854,0,57,
20144120,184043,1,21.1,854,0,57,
20144120,184113,1,21.1,854,0,57,
20144120,184143,1,21.1,854,0,57,
20144120,184213,1,21.1,854,0,57,
20144120,184243,1,21.1,854,0,57,
20144120,184313,1,21.1,854,0,57,
20144120,184343,1,21.1,854,0,57,
20144120,184413,1,21.1,854,0,57,
20144120,184443,1,21.1,854,0,57,
20144120,184514,1,21.1,854,0,57,
20144120,184544,1,21.1,854,0,57,
20144120,184614,1,21.1,854,0,57,
20144120,184647,SIN RESPUESTA DE ESTACION #1
20144120,184714,1,21.1,854,0,57,
20144120,184744,1,21.1,854,0,57,
20144120,184814,1,21.1,854,0,57,
20144120,184844,1,21.1,854,0,57,
20144120,184914,1,21.0,854,0,57,
20144120,184944,1,21.0,854,0,57,
20144120,185014,1,21.1,854,0,57,
20144120,185044,1,21.0,854,0,57,
20144120,185114,1,21.1,854,0,57,
20144120,185144,1,21.1,854,0,57,
20144120,185215,1,21.1,854,0,57,
20144120,185245,1,21.0,854,0,57,
20144120,185315,1,21.0,854,0,57,
20144120,185345,1,21.1,854,0,57,
20144120,185415,1,21.1,854,0,57,
20144120,185445,1,21.0,854,0,57,
20144120,185515,1,21.1,854,0,57,
20144120,185545,1,21.0,854,0,57,
20144120,185615,1,21.1,854,0,57,
20144120,185645,1,21.0,854,0,57,
20144120,185715,1,21.0,854,0,57,
20144120,185745,1,21.0,854,0,57,
20144120,185815,1,21.0,854,0,57,
20144120,185845,1,21.0,854,0,57,
20144120,185916,1,21.0,854,0,57,
20144120,185946,1,21.0,854,0,57,
20144120,190016,1,21.0,854,0,57,
20144120,190046,1,21.1,854,0,57,
20144120,190116,1,21.0,854,0,57,
20144120,190146,1,21.0,854,0,57,
20144120,190216,1,21.0,854,0,57,
20144120,190246,1,21.0,854,0,57,
20144120,190316,1,21.0,854,0,57,
20144120,190346,1,21.0,854,0,57,
20144120,190416,1,21.0,854,0,57,
20144120,190446,1,21.0,854,0,57,
20144120,190516,1,21.0,854,0,57,
20144120,190547,1,21.0,854,0,57,
20144120,190617,1,21.0,854,0,57,
20144120,190647,1,21.0,854,0,57,
20144120,190717,1,21.0,854,0,57,
20144120,190800,SIN RESPUESTA DE ESTACION #1
20144120,190827,1,21.0,854,0,57,
20144120,190857,1,21.0,854,0,57,
20144120,190927,1,21.0,854,0,57,
20144120,190957,1,21.0,854,0,57,
20144120,191028,1,21.0,854,0,57,
20144120,191058,1,21.0,854,0,57,
20144120,191128,1,21.0,854,0,57,
20144120,191158,1,21.0,854,0,57,
20144120,191231,SIN RESPUESTA DE ESTACION #1
20144120,191258,1,21.0,854,0,57,
20144120,191328,1,21.0,854,0,57,
20144120,191358,1,21.0,854,0,57,
20144120,191428,1,21.0,854,0,57,
20144120,191458,1,21.0,854,0,57,
20144120,191528,1,21.0,854,0,57,
20144120,191558,1,21.0,854,0,57,
20144120,191628,1,21.0,854,0,57,
20144120,191658,1,21.0,854,0,57,
20144120,191729,1,21.0,854,0,57,
20144120,191759,1,21.0,854,0,57,
20144120,191829,1,21.0,854,0,57,
20144120,191859,1,21.0,854,0,57,
20144120,191929,1,21.0,854,0,57,
20144120,191959,1,21.0,854,0,57,
20144120,192029,1,21.0,854,0,57,
20144120,192059,1,21.0,854,0,57,
20144120,192129,1,21.0,854,0,57,
20144120,192159,1,21.0,854,0,57,
20144120,192229,1,21.0,854,0,57,
20144120,192259,1,21.0,854,0,57,
20144120,192329,1,21.0,854,0,57,
20144120,192359,1,21.0,854,0,57,
20144120,192430,1,21.0,854,0,57,
20144120,192500,1,21.0,854,0,57,
20144120,192530,1,21.0,854,0,57,
20144120,192600,1,21.0,854,0,57,
20144120,192630,1,21.0,854,0,57,
20144120,192700,1,21.0,854,0,57,
20144120,192730,1,21.0,854,0,57,
20144120,192800,1,21.0,854,0,57,
20144120,192830,1,21.0,854,0,57,
20144120,192900,1,21.0,854,0,57,
20144120,192930,1,21.0,854,0,57,
20144120,193000,1,21.0,854,0,57,
20144120,193030,1,21.0,854,0,57,
20144120,193100,1,21.0,854,0,57,
20144120,193131,1,21.0,854,0,57,
20144120,193201,1,21.0,854,0,57,
20144120,193231,1,21.0,854,0,57,
20144120,193301,1,21.0,854,0,57,
20144120,193331,1,21.0,854,0,57,
20144120,193401,1,21.0,854,0,57,
20144120,193431,1,21.0,854,0,57,
20144120,193501,1,21.0,854,0,57,
20144120,193531,1,21.0,854,0,57,
20144120,193601,1,21.0,854,0,57,
20144120,193631,1,21.0,854,0,57,
20144120,193701,1,21.0,854,0,57,
20144120,193731,1,21.0,854,0,57,
20144120,193802,1,21.0,854,0,57,
20144120,193832,1,21.0,854,0,57,
20144120,193902,1,21.0,854,0,57,
20144120,193932,1,21.0,854,0,57,
20144120,194002,1,21.0,854,0,57,
20144120,194032,1,21.0,854,0,57,
20144120,194102,1,21.0,854,0,57,
20144120,194132,1,21.0,854,0,57,
20144120,194202,1,21.0,854,0,57,
20144120,194232,1,21.0,854,0,57,
20144120,194302,1,21.0,854,0,57,
20144120,194332,1,21.0,854,0,57,
20144120,194402,1,21.0,854,0,57,
20144120,194432,1,21.0,854,0,57,
20144120,194503,1,21.0,854,0,57,
20144120,194533,1,21.0,854,0,57,
20144120,194603,1,21.0,854,0,57,
20144120,194633,1,21.0,854,0,57,
20144120,194703,1,21.0,854,0,57,
20144120,194733,1,21.0,854,0,57,
20144120,194803,1,21.0,854,0,57,
20144120,194833,1,21.0,854,0,57,
20144120,194903,1,21.0,854,0,57,
20144120,194933,1,21.0,854,0,57,
20144120,195003,1,21.0,854,0,57,
20144120,195033,1,21.0,854,0,57,
20144120,195103,1,21.0,854,0,57,
20144120,195133,1,21.0,854,0,57,
20144120,195204,1,21.0,854,0,57,
20144120,195234,1,21.0,854,0,57,
20144120,195304,1,21.0,854,0,57,
20144120,195334,1,21.0,854,0,57,
20144120,195404,1,21.0,854,0,57,
20144120,195434,1,21.0,854,0,57,
20144120,195504,1,21.0,854,0,57,
20144120,195534,1,21.0,854,0,57,
20144120,195604,1,21.0,854,0,57,
20144120,195634,1,21.0,854,0,57,
20144120,195704,1,21.0,854,0,57,
20144120,195734,1,21.0,854,0,57,
20144120,195804,1,21.0,854,0,57,
20144120,195834,1,21.0,854,0,57,
20144120,195905,1,21.0,855,0,57,
20144120,195935,1,21.0,854,0,57,
20144120,200005,1,21.0,854,0,57,
20144120,200035,1,21.0,854,0,57,
20144120,200105,1,21.0,854,0,57,
20144120,200135,1,21.0,854,0,57,
20144120,200205,1,21.0,854,0,57,
20144120,200235,1,21.0,854,0,57,
20144120,200305,1,21.0,855,0,57,
20144120,200335,1,21.0,855,0,57,
20144120,200405,1,21.0,854,0,57,
20144120,200435,1,21.0,854,0,57,
20144120,200505,1,21.0,854,0,57,
20144120,200535,1,21.0,855,0,57,
20144120,200606,1,21.0,854,0,57,
20144120,200636,1,21.0,855,0,57,
20144120,200706,1,21.0,855,0,57,
20144120,200736,1,21.0,854,0,57,
20144120,200806,1,21.0,855,0,57,
20144120,200836,1,21.0,855,0,57,
20144120,200906,1,21.0,854,0,57,
20144120,200936,1,21.0,855,0,57,
20144120,201006,1,21.0,854,0,57,
20144120,201036,1,21.0,854,0,57,
20144120,201106,1,21.0,854,0,57,
20144120,201136,1,21.0,855,0,57,
20144120,201206,1,21.0,855,0,57,
20144120,201236,1,21.0,854,0,57,
20144120,201307,1,21.0,855,0,57,
20144120,201337,1,21.0,855,0,57,
20144120,201407,1,21.0,855,0,57,
20144120,201437,1,20.9,855,0,57,
20144120,201507,1,21.0,855,0,57,
20144120,201537,1,20.9,855,0,57,
20144120,201607,1,21.0,855,0,57,
20144120,201637,1,20.9,855,0,57,
20144120,201707,1,21.0,855,0,57,
20144120,201737,1,21.0,855,0,57,
20144120,201807,1,20.9,855,0,57,
20144120,201837,1,21.0,855,0,57,
20144120,201907,1,21.0,855,0,57,
20144120,201938,1,21.0,855,0,57,
20144120,202008,1,20.9,855,0,57,
20144120,202038,1,20.9,855,0,57,
20144120,202108,1,20.9,855,0,57,
20144120,202138,1,20.9,855,0,57,
20144120,202208,1,20.9,855,0,57,
20144120,202238,1,20.9,855,0,56,
20144120,202308,1,20.9,855,0,56,
20144120,202338,1,20.9,855,0,57,
20144120,202408,1,21.0,855,0,57,
20144120,202438,1,20.9,855,0,57,
20144120,202508,1,20.9,855,0,57,
20144120,202538,1,20.9,855,0,57,
20144120,202608,1,20.9,855,0,57,
20144120,202639,1,20.9,855,0,56,
20144120,202709,1,20.9,855,0,56,
20144120,202739,1,20.9,855,0,56,
20144120,202809,1,20.9,855,0,56,
20144120,202839,1,20.9,855,0,56,
20144120,202909,1,20.9,855,0,56,
20144120,202939,1,20.9,855,0,56,
20144120,203009,1,20.9,855,0,56,
20144120,203039,1,20.9,855,0,56,
20144120,203109,1,20.9,855,0,56,
20144120,203139,1,20.9,855,0,56,
20144120,203209,1,20.9,855,0,56,
20144120,203239,1,20.9,855,0,56,
20144120,203309,1,20.9,855,0,56,
20144120,203340,1,20.9,855,0,56,
20144120,203410,1,20.9,855,0,56,
20144120,203440,1,20.9,855,0,56,
20144120,203510,1,20.9,855,0,56,
20144120,203540,1,20.9,855,0,56,
20144120,203610,1,20.9,855,0,56,
20144120,203640,1,20.9,855,0,56,
20144120,203710,1,20.9,855,0,56,
20144120,203740,1,20.9,855,0,56,
20144120,203810,1,20.9,855,0,56,
20144120,203840,1,20.9,855,0,56,
20144120,203910,1,20.9,855,0,56,
20144120,203940,1,20.9,855,0,56,
20144120,204010,1,20.9,855,0,56,
20144120,204041,1,20.9,855,1,56,
20144120,204111,1,20.9,855,1,56,
20144120,204141,1,20.9,855,1,56,
20144120,204211,1,20.9,855,1,56,
20144120,204241,1,20.9,855,1,56,
20144120,204311,1,20.9,855,1,56,
20144120,204341,1,20.9,855,1,56,
20144120,204411,1,20.9,855,1,56,
20144120,204441,1,20.9,855,1,56,
20144120,204511,1,20.9,855,1,56,
20144120,204541,1,20.9,855,1,56,
20144120,204611,1,20.9,855,1,56,
20144120,204641,1,20.9,855,1,56,
20144120,204711,1,20.9,855,1,56,
20144120,204742,1,20.9,855,1,56,
20144120,204812,1,20.9,855,1,56,
20144120,204842,1,20.9,855,1,56,
20144120,204912,1,20.9,855,1,56,
20144120,204942,1,20.9,855,1,56,
20144120,205012,1,20.9,855,1,56,
20144120,205042,1,20.9,855,2,56,
20144120,205112,1,20.9,855,2,56,
20144120,205142,1,20.9,855,2,56,
20144120,205212,1,20.8,855,2,56,
20144120,205242,1,20.8,855,2,56,
20144120,205312,1,20.9,855,2,56,
20144120,205342,1,20.9,855,2,56,
20144120,205412,1,20.9,855,2,56,
20144120,205443,1,20.9,855,2,56,
20144120,205513,1,20.9,855,2,56,
20144120,205543,1,20.9,855,2,56,
20144120,205613,1,20.9,855,2,56,
20144120,205643,1,20.8,855,2,56,
20144120,205713,1,20.8,855,2,56,
20144120,205743,1,20.9,855,2,56,
20144120,205813,1,20.9,855,2,56,
20144120,205843,1,20.8,855,2,56,
20144120,205913,1,20.9,855,2,56,
20144120,205943,1,20.8,855,2,56,
20144120,210013,1,20.9,855,2,56,
20144120,210043,1,20.9,855,2,56,
20144120,210114,1,20.8,855,3,56,
20144120,210144,1,20.9,855,3,56,
20144120,210214,1,20.9,855,3,56,
20144120,210244,1,20.9,855,3,56,
20144120,210314,1,20.9,855,3,56,
20144120,210344,1,20.9,855,3,56,
20144120,210414,1,20.8,855,3,56,
20144120,210444,1,20.8,855,3,56,
20144120,210514,1,20.8,855,3,56,
20144120,210544,1,20.8,855,3,56,
20144120,210614,1,20.8,855,3,56,
20144120,210644,1,20.8,855,4,56,
20144120,210714,1,20.8,855,4,56,
20144120,210744,1,20.8,855,4,56,
20144120,210815,1,20.8,855,4,56,
20144120,210845,1,20.8,855,4,56,
20144120,210915,1,20.8,855,4,56,
20144120,210945,1,20.8,855,4,56,
20144120,211015,1,20.8,855,4,56,
20144120,211045,1,20.8,855,4,56,
20144120,211115,1,20.8,855,4,56,
20144120,211145,1,20.8,855,5,56,
20144120,211215,1,20.8,855,5,56,
20144120,211245,1,20.8,855,5,56,
20144120,211315,1,20.8,855,5,56,
20144120,211345,1,20.8,855,5,56,
20144120,211415,1,20.8,855,5,56,
20144120,211445,1,20.8,855,5,56,
20144120,211516,1,20.8,855,5,56,
20144120,211546,1,20.8,855,5,56,
20144120,211616,1,20.8,855,5,56,
20144120,211646,1,20.8,855,6,56,
20144120,211716,1,20.8,855,6,56,
20144120,211746,1,20.8,855,6,56,
20144120,211816,1,20.8,855,6,56,
20144120,211846,1,20.8,855,6,56,
20144120,211916,1,20.8,855,7,56,
20144120,211946,1,20.8,855,7,56,
20144120,212016,1,20.8,855,7,56,
20144120,212046,1,20.8,855,7,56,
20144120,212116,1,20.8,855,8,56,
20144120,212146,1,20.8,855,8,56,
20144120,212217,1,20.8,855,8,56,
20144120,212247,1,20.8,855,8,56,
20144120,212317,1,20.8,855,8,56,
20144120,212347,1,20.8,855,9,56,
20144120,212417,1,20.8,855,9,56,
20144120,212447,1,20.8,855,9,56,
20144120,212517,1,20.8,855,9,56,
20144120,212547,1,20.8,855,9,56,
20144120,212617,1,20.8,855,10,56,
20144120,212647,1,20.8,855,10,56,
20144120,212717,1,20.8,855,10,56,
20144120,212747,1,20.8,855,10,56,
20144120,212817,1,20.8,855,10,56,
20144120,212847,1,20.8,855,10,56,
20144120,212918,1,20.8,855,10,56,
20144120,212948,1,20.8,855,10,56,
20144120,213018,1,20.8,855,10,56,
20144120,213048,1,20.8,855,10,56,
20144120,213118,1,20.8,855,11,56,
20144120,213148,1,20.8,855,11,56,
20144120,213218,1,20.8,855,11,56,
20144120,213248,1,20.8,855,11,56,
20144120,213321,SIN RESPUESTA DE ESTACION #1
20144120,213348,1,20.8,855,11,56,
20144120,213418,1,20.8,855,12,56,
20144120,213448,1,20.8,855,12,56,
20144120,213518,1,20.8,855,12,56,
20144120,213548,1,20.8,855,12,56,
20144120,213619,1,20.8,855,12,56,
20144120,213649,1,20.8,855,12,56,
20144120,213719,1,20.8,855,12,56,
20144120,213749,1,20.8,855,13,56,
20144120,213819,1,20.8,855,13,56,
20144120,213849,1,20.8,855,13,56,
20144120,213919,1,20.7,855,13,56,
20144120,213949,1,20.7,855,14,56,
20144120,214019,1,20.8,855,14,56,
20144120,214049,1,20.7,855,14,56,
20144120,214119,1,20.7,855,14,56,
20144120,214149,1,20.7,855,14,56,
20144120,214219,1,20.7,855,14,56,
20144120,214250,1,20.7,855,14,56,
20144120,214320,1,20.7,855,14,56,
20144120,214350,1,20.7,855,15,56,
20144120,214420,1,20.7,855,15,56,
20144120,214450,1,20.7,855,16,56,
20144120,214520,1,20.7,855,16,56,
20144120,214550,1,20.7,856,16,56,
20144120,214620,1,20.7,855,17,56,
20144120,214650,1,20.7,855,17,56,
20144120,214720,1,20.7,855,18,56,
20144120,214750,1,20.7,856,18,56,
20144120,214820,1,20.7,855,19,56,
20144120,214850,1,20.7,856,19,56,
20144120,214920,1,20.7,855,19,56,
20144120,214951,1,20.7,855,20,56,
20144120,215021,1,20.7,855,20,56,
20144120,215051,1,20.7,855,20,56,
20144120,215121,1,20.7,856,21,56,
20144120,215151,1,20.7,855,21,56,
20144120,215221,1,20.7,855,21,56,
20144120,215251,1,20.7,855,22,56,
20144120,215321,1,20.7,855,22,56,
20144120,215351,1,20.7,855,23,56,
20144120,215421,1,20.7,856,24,56,
20144120,215451,1,20.7,855,24,56,
20144120,215521,1,20.7,855,24,56,
20144120,215551,1,20.7,855,24,56,
20144120,215621,1,20.7,855,24,56,
20144120,215652,1,20.7,855,25,56,
20144120,215722,1,20.7,855,25,56,
20144120,215752,1,20.7,855,26,56,
20144120,215822,1,20.7,855,27,56,
20144120,215852,1,20.7,855,27,56,
20144120,215922,1,20.7,855,27,56,
20144120,215952,1,20.8,855,28,56,
20144120,220022,1,20.8,855,29,56,
20144120,220052,1,20.8,855,29,56,
20144120,220122,1,20.8,855,29,56,
20144120,220152,1,20.8,855,30,56,
20144120,220222,1,20.8,855,30,56,
20144120,220252,1,20.8,855,31,56,
20144120,220322,1,20.8,855,31,56,
20144120,220353,1,20.8,855,32,56,
20144120,220423,1,20.8,855,32,56,
20144120,220453,1,20.8,855,285,56,
20144120,220523,1,20.7,855,318,56,
20144120,220553,1,20.8,855,342,56,
20144120,220623,1,20.8,855,357,56,
20144120,220653,1,20.8,855,365,56,
20144120,220723,1,20.8,855,367,56,
20144120,220753,1,20.8,855,368,56,
20144120,220823,1,20.8,855,368,56,
20144120,220853,1,20.8,855,367,56,
20144120,220923,1,20.8,855,369,56,
20144120,220953,1,20.8,855,369,56,
20144120,221023,1,20.8,855,370,56,
20144120,221054,1,20.8,856,370,56,
20144120,221124,1,20.8,855,371,56,
20144120,221154,1,20.8,855,372,56,
20144120,221224,1,20.8,855,373,56,
20144120,221254,1,20.8,855,373,56,
20144120,221324,1,20.8,855,375,56,
20144120,221354,1,20.8,855,40,56,
20144120,221424,1,20.8,855,41,56,
20144120,221454,1,20.8,855,40,56,
20144120,221524,1,20.8,855,41,56,
20144120,221554,1,20.8,855,42,56,
20144120,221624,1,20.8,855,42,56,
20144120,221654,1,20.8,855,43,56,
20144120,221724,1,20.8,855,43,56,
20144120,221755,1,20.9,855,44,56,
20144120,221825,1,20.9,855,44,56,
20144120,221855,1,20.9,855,44,56,
20144120,221925,1,20.9,855,45,56,
20144120,221955,1,20.9,855,45,56,
20144120,222025,1,20.9,855,46,56,
20144120,222055,1,20.9,855,47,56,
20144120,222125,1,20.9,855,47,56,
20144120,222155,1,20.9,855,48,56,
20144120,222225,1,20.9,855,49,56,
20144120,222255,1,20.9,855,50,56,
20144120,222325,1,20.9,855,51,56,
20144120,222355,1,20.9,855,52,55,
20144120,222426,1,20.9,856,53,55,
20144120,222456,1,20.9,855,54,55,
20144120,222526,1,20.9,855,54,55,
20144120,222556,1,20.9,855,54,55,
20144120,222626,1,20.9,855,290,55,
20144120,222656,1,20.9,855,325,55,
20144120,222726,1,20.9,855,352,55,
20144120,222756,1,20.9,855,370,55,
20144120,222826,1,21.0,855,380,55,
20144120,222856,1,21.0,855,384,55,
20144120,222926,1,21.0,855,387,55,
20144120,222956,1,21.0,855,388,55,
20144120,223026,1,21.0,855,387,55,
20144120,223056,1,21.0,855,388,55,
20144120,223127,1,21.1,855,388,55,
20144120,223157,1,21.1,856,389,55,
20144120,223227,1,21.1,856,389,55,
20144120,223257,1,21.1,856,390,55,
20144120,223327,1,21.1,855,390,55,
20144120,223357,1,21.1,855,391,55,
20144120,223427,1,21.2,856,391,55,
20144120,223457,1,21.2,856,391,55,
20144120,223527,1,21.2,855,393,55,
20144120,223557,1,21.2,855,392,55,
20144120,223627,1,21.2,855,391,55,
20144120,223657,1,21.3,856,394,55,
20144120,223727,1,21.3,856,393,55,
20144120,223757,1,21.3,856,393,55,
20144120,223828,1,21.3,856,393,55,
20144120,223858,1,21.3,856,394,55,
20144120,223928,1,21.3,855,395,55,
20144120,223958,1,21.3,855,395,55,
20144120,224028,1,21.3,856,396,55,
20144120,224058,1,21.4,855,395,55,
20144120,224128,1,21.4,856,397,55,
20144120,224158,1,21.4,856,398,55,
20144120,224228,1,21.4,855,398,55,
20144120,224258,1,21.4,856,398,55,
20144120,224328,1,21.4,855,399,55,
20144120,224358,1,21.4,856,399,55,
20144120,224428,1,21.4,855,400,55,
20144120,224458,1,21.5,855,400,55,
20144120,224529,1,21.5,855,402,55,
20144120,224559,1,21.5,856,404,55,
20144120,224629,1,21.5,856,404,55,
20144120,224659,1,21.5,855,404,55,
20144120,224729,1,21.5,855,404,55,
20144120,224759,1,21.5,856,404,55,
20144120,224829,1,21.5,856,404,55,
20144120,224859,1,21.5,856,401,55,
20144120,224929,1,21.5,855,405,55,
20144120,224959,1,21.5,855,405,55,
20144120,225029,1,21.5,856,404,55,
20144120,225059,1,21.6,856,403,55,
20144120,225129,1,21.6,856,405,55,
20144120,225159,1,21.6,856,405,55,
20144120,225230,1,21.6,856,405,55,
20144120,225300,1,21.6,856,404,55,
20144120,225330,1,21.5,856,404,55,
20144120,225400,1,21.6,856,405,55,
20144120,225430,1,21.5,856,405,55,
20144120,225500,1,21.5,856,406,55,
20144120,225530,1,21.5,856,405,55,
20144120,225600,1,21.6,856,406,55,
20144120,225630,1,21.6,856,406,55,
20144120,225700,1,21.5,856,407,55,
20144120,225730,1,21.5,856,407,55,
20144120,225800,1,21.5,856,407,55,
20144120,225830,1,21.5,856,407,55,
20144120,225900,1,21.5,856,408,55,
20144120,225931,1,21.5,856,409,55,
20144120,230001,1,21.5,856,409,55,
20144120,230031,1,21.5,856,409,55,
20144120,230101,1,21.5,856,409,55,
20144120,230131,1,21.5,856,409,55,
20144120,230201,1,21.5,856,409,55,
20144120,230231,1,21.5,856,409,55,
20144120,230301,1,21.5,856,407,55,
20144120,230331,1,21.5,856,409,55,
20144120,230401,1,21.5,856,409,55,
20144120,230431,1,21.5,856,409,55,
20144120,230501,1,21.5,856,408,55,
20144120,230531,1,21.4,856,408,55,
20144120,230602,1,21.4,856,408,55,
20144120,230632,1,21.4,856,409,55,
20144120,230702,1,21.4,856,409,55,
20144120,230732,1,21.4,856,409,55,
20144120,230802,1,21.4,856,410,55,
20144120,230832,1,21.4,856,410,55,
20144120,230902,1,21.3,856,410,55,
20144120,230932,1,21.3,856,409,55,
20144120,231002,1,21.4,856,410,55,
20144120,231032,1,21.4,856,411,55,
20144120,231102,1,21.4,856,411,55,
20144120,231132,1,21.4,856,411,55,
20144120,231202,1,21.4,856,411,55,
20144120,231232,1,21.4,856,411,55,
20144120,231303,1,21.4,856,413,55,
20144120,231333,1,21.4,856,413,55,
20144120,231403,1,21.4,856,413,55,
20144120,231433,1,21.4,856,413,55,
20144120,231503,1,21.4,856,414,55,
20144120,231533,1,21.4,856,413,55,
20144120,231603,1,21.4,856,414,55,
20144120,231633,1,21.4,856,414,55,
20144120,231703,1,21.3,856,414,55,
20144120,231733,1,21.4,856,415,55,
20144120,231803,1,21.4,856,416,55,
20144120,231833,1,21.4,856,417,55,
20144120,231903,1,21.4,856,419,55,
20144120,231933,1,21.4,856,419,55,
20144120,232004,1,21.4,856,416,55,
20144120,232034,1,21.4,856,417,55,
20144120,232104,1,21.4,856,417,55,
20144120,232134,1,21.4,856,418,55,
20144120,232204,1,21.5,856,418,55,
20144120,232234,1,21.5,856,417,55,
20144120,232304,1,21.5,856,417,55,
20144120,232334,1,21.5,856,418,55,
20144120,232404,1,21.5,856,419,55,
20144120,232434,1,21.5,856,422,55,
20144120,232504,1,21.5,856,420,55,
20144120,232534,1,21.5,856,420,55,
20144120,232604,1,21.5,856,420,55,
20144120,232635,1,21.5,856,420,55,
20144120,232705,1,21.5,856,420,55,
20144120,232735,1,21.6,856,423,55,
20144120,232805,1,21.5,856,422,55,
20144120,232835,1,21.6,856,421,55,
20144120,232905,1,21.6,856,421,55,
20144120,232935,1,21.6,856,421,55,
20144120,233005,1,21.6,856,421,55,
20144120,233035,1,21.6,856,422,55,
20144120,233105,1,21.6,856,421,55,
20144120,233135,1,21.6,856,420,55,
20144120,233205,1,21.6,856,419,55,
20144120,233235,1,21.6,856,419,55,
20144120,233305,1,21.6,856,422,55,
20144120,233336,1,21.6,856,420,55,
20144120,233406,1,21.6,856,420,55,
20144120,233436,1,21.6,856,420,55,
20144120,233506,1,21.6,856,419,55,
20144120,233536,1,21.6,856,420,55,
20144120,233606,1,21.5,856,419,55,
20144120,233636,1,21.5,856,420,55,
20144120,233706,1,21.5,856,420,55,
20144120,233736,1,21.5,856,419,55,
20144120,233806,1,21.5,856,423,55,
20144120,233836,1,21.5,856,419,55,
20144120,233906,1,21.5,856,420,55,
20144120,233936,1,21.5,856,419,55,
20144120,234007,1,21.5,856,419,55,
20144120,234037,1,21.5,856,420,55,
20144120,234107,1,21.5,856,419,55,
20144120,234137,1,21.5,856,420,55,
20144120,234207,1,21.5,856,420,55,
20144120,234237,1,21.6,856,420,55,
20144120,234307,1,21.6,856,420,55,
20144120,234337,1,21.6,856,420,55,
20144120,234407,1,21.6,856,419,55,
20144120,234437,1,21.6,856,419,55,
20144120,234507,1,21.6,856,421,54,
20144120,234537,1,21.6,856,419,55,
20144120,234607,1,21.6,856,419,55,
20144120,234637,1,21.6,856,421,55,
20144120,234708,1,21.6,856,422,54,
20144120,234738,1,21.6,856,422,54,
20144120,234808,1,21.6,856,422,54,
20144120,234838,1,21.6,856,423,54,
20144120,234908,1,21.6,856,423,54,
20144120,234938,1,21.6,856,423,54,
20144120,235008,1,21.6,856,423,54,
20144120,235038,1,21.6,856,423,54,
20144120,235108,1,21.6,856,423,54,
20144120,235138,1,21.6,856,423,54,
20144120,235208,1,21.6,856,423,54,
20144120,235238,1,21.6,856,422,54,
20144120,235308,1,21.6,856,423,54,
20144120,235338,1,21.7,856,422,54,
20144120,235409,1,21.6,856,423,54,
20144120,235439,1,21.6,856,423,54,
20144120,235509,1,21.6,856,421,54,
20144120,235539,1,21.6,856,422,54,
20144120,235609,1,21.6,856,422,54,
20144120,235639,1,21.7,856,422,54,
20144120,235709,1,21.7,856,422,54,
20144120,235739,1,21.7,856,423,54,
20144120,235809,1,21.7,856,423,54,
20144120,235839,1,21.7,856,424,54,
20144120,235909,1,21.7,856,424,54,
20144120,235939,1,21.7,856,424,54,
20144121,000009,1,21.8,856,423,54,
20144121,000040,1,21.8,856,423,54,
20144121,000110,1,21.8,856,425,54,
20144121,000140,1,21.8,856,425,54,
20144121,000210,1,21.8,856,424,54,
20144121,000240,1,21.8,856,424,54,
20144121,000310,1,21.8,856,424,54,
20144121,000340,1,21.8,856,424,54,
20144121,000410,1,21.8,856,424,54,
20144121,000440,1,21.9,856,424,54,
20144121,000510,1,21.8,856,425,54,
20144121,000540,1,21.9,856,425,54,
20144121,000610,1,21.9,856,426,54,
20144121,000640,1,21.9,856,426,54,
20144121,000710,1,21.9,856,426,54,
20144121,000741,1,21.9,856,426,54,
20144121,000811,1,21.9,856,426,54,
20144121,000841,1,21.9,856,426,54,
20144121,000911,1,21.9,856,427,53,
20144121,000941,1,21.9,856,427,53,
20144121,001011,1,21.9,856,427,53,
20144121,001041,1,21.9,856,426,54,
20144121,001111,1,22.0,856,426,54,
20144121,001141,1,22.0,856,424,54,
20144121,001211,1,22.0,856,425,54,
20144121,001241,1,22.0,856,426,54,
20144121,001311,1,22.0,856,425,54,
20144121,001341,1,22.0,856,425,53,
20144121,001412,1,22.0,856,424,53,
20144121,001442,1,22.0,856,425,54,
20144121,001512,1,22.0,856,425,53,
20144121,001542,1,22.0,856,424,53,
20144121,001612,1,22.0,855,424,54,
20144121,001642,1,22.0,856,424,53,
20144121,001712,1,21.9,856,424,53,
20144121,001742,1,22.0,856,421,54,
20144121,001812,1,22.0,856,422,54,
20144121,001842,1,22.0,856,422,54,
20144121,001912,1,22.0,856,424,54,
20144121,001942,1,22.0,855,424,54,
20144121,002012,1,22.0,855,424,54,
20144121,002042,1,22.0,856,424,54,
20144121,002113,1,22.0,856,423,54,
20144121,002143,1,22.0,855,424,53,
20144121,002213,1,22.0,856,424,54,
20144121,002243,1,22.0,856,423,53,
20144121,002338,1,22.0,856,424,54,
